7374632352
7015855303
4186866357
4069932396
5288921522
7419320970
4081714091
7417176603
7456932328
5725217003
7428012774
7075821894
7434497565
7456881075
7425553065
7500953643
5501002131
7500296287
7409323043
7497725513
4551098546
7355884781
7501065987
4762125098
7117634089
7499886159
7501194787
7465107414
4918020390
7351785021
3764353858
7119505253
7483016463
3706291461
7015577502
7253667147
3969124610
7170773079
7118093245
7462757029
3970966421
7482826435
5284574899
7246199247
7041771269
5482622138
4177750643
7409994595
7106872310
7365807632
4413984240
5353823385
7341578991
7417438151
5040928155
7501651037
4889736159
7155653201
7413215763
7475082437
4874336732
3666401277
3270724890
7504508619
7432588388
7272872659
7441413373
7504636875
7108525859
4287366371
4066170392
5513116844
2659014136
7152186268
4143397160
5645643720
4961890528
7456470938
7450864905
5422652128
5385975747
7102088868
7485807520
7500684024
4712769043
7504665875
4870063479
7347131391
7504687713
7501295604
5544234847
7441599754
7010927066
7141398512
7409171030
7031864782
5338686394
7501981049
7413455049
7418736951
7491448830
7504824597
7412505784
7503333237
7108643713
5583244055
4976655345
4737681263
7502097323
5841272464
3946187659
7257984930
5858759942
3477132770
7240075718
3320971212
7483245856
7494596589
7314320430
4436135498
5303579996
951670707
6135046337
7498251590
4718436360
7505165984
7510049199
7212154025
4865589490
7208834091
7088734944
7162348098
7469756451
6015630111
7515383026
7144960313
3779474819
7362873469
5496427553
7518115200
7514617463
7509991187
7346100560
7156357347
4058681187
7525119348
4809087331
7507669841
5161817978
7534391221
7534069854
5703062276
7031975400
7002206164
7346660440
7533245297
7534729197
7428617749
5189960695
7505443840
7538889208
7539354364
7445566084
7539556693
7539923619
7542517345
7543470011
5802217080
7546059060
7304605754
7546707030
4825610036
3125676196
7409855630
7558814362
4905515323
7302779819
7559787861
5261243457
3990659553
7406986657
4029262349
7546388140
7558759112
7150604491
7561030963
7310087433
7565108535
7565791499
7483022536
7569073114
5673439555
7362799314
7490938415
7484604020
4740425031
4825698782
5014816292
4542786124
7142306970
7584873748
7356269652
7585634764
4813191374
7530611639
5619374043
2865778510
5426244628
7597733889
7551801201
5548437415
4096629466
7380541550
4943944346
7109985525
7612245727
5299506233
7311712979
5284015947
7534303865
7651307770
7550479737
5492216654
7628662972
7270463842
7259361209
7212439962
7669041368
7668354481
6002310147
7668710371
7556533752
7033210209
6083674222
7412281290
3181471399
3898433035
7632570290
7645662334
7679646403
7676254494
7277212760
4936886644
7697139423
7664857685
7697225839
7699579227
7098037741
5664523511
6134362088
7555406761
7175516714
5461788566
3331264982
7482256260
4332563907
7618102142
5143095588
7697510258
7328192664
7371740380
7730280512
7720587931
7342949858
7736838312
7618082519
7126490686
7312471716
7419483826
7613662430
3506929321
7546279536
3703555134
7127415929
5751594557
4606385209
7766910633
7808450921
7050709061
7730343477
5472628219
1331441321
7815592467
7498140191
4528838747
7796502471
4279309552
7848984349
7766642557
4602535534
4292060579
7795826553
7295925552
7564922073
4633948239
7844795826
7867705877
7876159852
3687872804
7708876159
7871289574
7876348273
4411200686
6098776333
7852324365
3452413968
4217620137
7895510245
7859034572
7854406348
5512765180
3660909561
5354426954
7899507180
3765013287
7888951661
7907191988
5320996952
5865049086
7640757548
7927819936
7889782892
3814715734
5136846103
5529961173
7867283375
7403188679
5585751497
7875779930
5079456492
4273944844
7968044047
7284561549
4069022204
5090893086
7864653061
4798023986
7830778221
7844586834
7974608986
7586214990
3054883075
7956941039
7971648070
7259545443
7966559698
7871909892
5025761034
7771660023
7877604300
4805413698
7500821707
4722999375
6039874878
7673460425
7734975049
4162230073
7970077301
7881935398
4254302680
7415943918
7960734482
7615983634
7612604500
7630096445
7204413841
7919028111
4657839520
7965345059
7171571437
4849474909
7839571435
5505233976
7936777131
7704404673
7612326562
7198715852
7967083435
5508932346
7898026561
7078627319
7790339740
4376872327
7974454687
6127251547
7968267881
7229462713
7747503891
7966404552
5549028222
7962899547
7973974129
3679877310
7859084133
4824275475
7959243983
7265128313
5094026207
7911450942
7894123791
7306116904
4155518206
7640670816
7021099471
7542012947
4829594507
7973994188
7899127863
4161020449
7351304204
7970442193
7966096991
7974470681
7750602083
7509543521
7970106359
7970359859
4958438630
7925025790
4144885867
4393637083
7146713101
3783002276
5004399786
7172767155
2432345558
7965719519
4497936972
7974664811
7045209916
7974675103
7970342986
4569496396
7778607023
7974532555
7969386837
3001803426
7837907593
4944804922
7970030730
7913696780
7456891416
7960902337
5396914110
7093599047
7935141855
7940625360
7417812467
7289757974
7974673375
7965397881
3826510696
3806091771
7970229166
7868742204
4027136151
4997616881
7213608656
7698590944
7966439896
7860670491
4710447900
7931029142
4840949494
7971089386
7760826881
7971692868
7772173108
7956149130
7974214336
7834358710
3977876964
3910391206
3669534209
7259636355
7924375886
7897200953
5505446174
7289255513
7485634857
3770139273
7215907308
7538976897
7605508429
7342559853
7934297833
7609147480
7183652587
7505399633
7073136521
7974600835
7888860346
7961218534
7215735422
7964705414
2935541148
7801635611
7902646619
7341000719
4526100970
7907788096
3753916953
7974707061
4375367486
4585726081
7967315082
7471263338
3068507261
7974716156
4114944145
7070467391
7925427566
7129046771
7918275212
5383959438
7598292605
7970890947
5472330535
7973939572
7974710620
7974645657
7974671808
7312806252
7974437068
6184530691
7961112497
7612023310
7699144677
7453985724
6033253231
7882192133
7970476912
7369289420
4994039961
4279746081
7953421764
7626297556
5711403365
6126250641
7953484472
7424536369
7811112626
5088430785
5601597721
5477262031
7920064019
5321410142
7969496751
7679827124
5588502593
3283952870
4018166085
3223143654
7950206962
5278729076
7298979082
4093594821
7040137289
5769833540
7208389578
7974320322
7930036196
7392126687
7922002747
7958857036
7903546513
7490391403
3826679896
4737507041
7965883965
7960899002
5328835394
7859940068
7278598614
7920237575
7971023536
4795015433
4682665097
7974619121
7828292297
6226344577
2934999923
7817458245
7199859388
7093521405
7949893741
7609028764
4247610026
3978231170
7413935984
5852556981
7967826096
4302231999
4091484616
7226385437
7247738713
7974647091
4881195276
7859028637
7959755397
7492251281
7934752790
7822636154
7881948630
7902685510
4476016547
7890027285
7906796051
5159921133
7973236249
4634580143
4825181106
7858313281
7084246181
7564254345
7970002894
4207722720
3803344884
5727250022
5625497987
7686353757
5559947515
7586045353
5444537574
7914515900
7953740456
7970363272
4740295468
4583715576
6198588692
7929399495
5546632711
7974793598
5426904145
7568714974
7903865382
3682972055
7904315650
3812706840
7025710736
7346906555
7971455720
3905092668
7974434771
7586309752
7946022923
7930443089
7964922480
7533187116
6220243140
7179959788
7974211249
7138032775
5533620986
4842094651
7974143480
5380945720
5725330107
7951485109
3437615614
7974679386
5714439350
7347059374
7962607121
4767883108
7940866824
7304843124
3778229153
7893319295
7361842845
7893467753
5519341211
7959719980
7924896260
5083395482
3577842948
5707804185
7409536708
7247195652
7893867771
3840777954
7511576361
7974153169
4611906474
7564943612
7974392728
5186667821
7971161023
7970263581
7925400480
7729737553
7967469080
7940200165
7140736263
7967350904
3955559337
7702885631
5602502387
3869823317
4795525033
5077317524
4408296404
7410294599
6076664079
5637915133
7704488377
5749146735
7967325044
7951374832
7298700893
5823717970
7974325747
7946666987
6072086298
7941786013
4168525443
3561639140
3803005290
7966501257
7810566509
7965737780
7974743793
7946103667
7970894266
7974385822
7175544738
7969566614
7505361335
7974081113
7855963379
7747427289
7898900904
7965463246
5638069989
4364238778
5572849574
7810461455
5094162440
7961406153
7971506835
7930096029
7974887414
3757712799
3743908707
7948576369
7824172818
7943940293
3991138392
4082004628
7612511087
7974892459
5731623795
5726401775
4704133326
7782803792
7974239993
7697740052
7974931028
7974040336
7445061504
7708570471
7698449509
7235055030
5849860709
7671022323
5824242528
7664835509
7974918212
7939976678
7966119715
3437697744
5310291200
7974894448
7070200433
7974746632
5691791411
7944794951
7613260638
7639450549
7647603113
5782996890
7876621436
7617010767
7881373865
7946528527
6207371808
7906917627
5388347907
7974399593
7876658760
4296750107
3758160155
7764206947
4047119067
3966069928
7969351171
5136764672
7970487121
7963183310
7504437417
6170201115
7896861725
7970530610
4933648832
7883006202
7695195928
6028006329
7217346445
5211974744
7230410507
7949516465
7259599979
7871791295
6156410884
2741342382
4809943408
7974312401
7974275652
7872450310
5726223974
7967475590
7974803778
7967623931
7919821377
7854200551
7136285801
3834369195
4867943772
7944594952
7718706077
3946978358
7893832166
7027641436
7792783642
7917661876
7834735756
7730372102
5570237578
7670565237
4283146972
7216747095
7381916007
7974203321
7873301268
7348661911
7971410914
3835445323
7511937368
7918884096
4922480056
7971486163
7418867606
7725860289
3457830977
7973392501
7082973906
7369030124
7924687731
7142190926
4066507554
5339404079
5299510642
4940313031
7500397100
7973773067
7975057749
7974738254
7974127273
7433309155
3375907648
7423038514
7617402840
7877310670
3691412491
7975016897
7908869876
5539630928
5560404375
7096088704
7961432495
7819429246
5630962286
7897843426
5292752513
7925439172
7974862491
7731263006
7965797675
5840942645
7485066342
5854065301
7313582340
7965128442
4995360342
5286194066
7973967412
7975067012
4090694516
7616821806
7974527851
5660915732
7975085340
7975098305
5850533692
5559678043
7974344423
7881881056
7975048665
7221342517
5791861559
7718891809
7970427765
4977149995
7973523253
7902550293
7138458961
7974966871
5422403629
4890222727
7975019196
4755613221
7930669316
7960963710
7974967025
7954099029
7889481393
7561159649
7539573395
7966534502
7966470459
7226432549
3863988337
3678567266
7959204054
7967304776
7938901795
7868540401
7965322387
7924282206
7087557715
4904795763
7574956921
7975039088
5851172539
7975148189
6227500708
7642955152
7475563930
7961753864
7970228666
4117501011
7973983323
7949436775
7935870016
7971373710
5792696617
3403259475
5222550952
7877509703
7934450441
7908439585
7881355623
7975149725
7940174398
7465172950
7969991187
7407683133
7975087610
7735740056
4072011792
5196087903
7975231083
7925506986
5844984323
7966373784
4788618235
7922858232
7351895026
5634976437
7767773325
7877583256
7609160482
7186023489
5696995436
7148353301
7975242809
7924981345
6083275008
7669866468
7369410746
6027718676
7245608999
7961365033
7343274949
7975164039
7639855031
4530388249
7867274512
7938869043
7083738256
7843120650
7924730650
7939987253
7975159006
7083758471
4328074946
7970430412
13010967
7636936938
7552974080
7487689713
7967940761
5776809561
7965007414
7167889605
7930439270
4115688393
5599077974
4629701026
5744524083
7975182162
4071441083
7975067298
7975317099
7975058163
7925324939
4974055675
7965859447
7578371306
7712378351
7950123614
7975030792
7940556168
5264276465
7962525794
7718579298
7398000786
7960335452
7416529642
5543365674
4908171155
7876236427
7585989014
4063304290
3716874833
7849093497
7975301788
4241476099
7021957620
3201950490
7275781563
5441043250
7975353570
7936355861
7965388285
7975262187
7288464804
7902729314
4305109461
5586259925
7646105577
5124699711
7704779128
7954268261
4368176758
7228344303
7409453928
5610432395
7752535278
3471292796
2657009005
7971307918
7975214082
7955754429
7974544589
7975383388
4082285349
7407888152
7823998337
7953303131
7124050473
7975330876
3751569446
7975382755
7170453552
7975408437
7967411552
6134056117
5221866553
7599149019
7539260545
7948249622
5312017726
7975357407
7962748309
7767041952
7975301064
7975416492
7975415263
3406592196
5632511387
4622952049
7948418297
7945267477
4525395226
7953460495
7966029110
7491072647
7847930599
4080076070
7003935374
3619573884
7375454421
7931128549
7138414612
7559060698
7970144666
7962726148
7974411587
7032863030
7907132314
7693194814
6162045191
7975341417
2279114526
5039233451
7240465175
4679438007
7975406657
4902460605
6231595690
4729345012
7975489139
7853330016
7201226219
5147463459
4339055777
5123909264
7556091660
5477756177
7060422700
7962651064
7279520835
7975497664
4849627879
7640712087
4804635916
7065409699
7482571628
7972930067
7969872509
7959820266
5777417160
7848124854
7895304642
6147759172
2695927709
7422921006
7814486139
7816081343
7975463585
7932035992
7767261320
7975496063
7118748746
7139522211
7975035262
3423048354
7975579575
4669142839
5602952620
5611538608
7973805635
7971861659
5105241888
7975515060
7867386158
7860167639
7962318804
2609846471
5843178256
7686963204
5398682694
7162347795
7970908697
7954695425
7575622579
7563985922
4030697786
4209955423
7970229916
4798488820
7974866778
7121158861
4584658014
7975615763
7633202434
7971948696
7975062852
7971876866
5018676802
7409230527
7199068723
7617371637
5217669897
7970688329
7975639687
6039061601
7965904514
3658077294
7519524755
5273568150
4034449309
7970716592
7973653846
4875218982
2827524998
7145687196
3814925100
5561342082
7951132401
6039155565
7907631641
7971834551
7078177586
7882439144
7734487405
3169467642
7877888475
7354712723
7975674855
5426560869
6083918094
7974240868
5482089139
4244699615
7970134813
7927763979
5848754073
7975552140
7943514868
7369831077
7974369408
7956581241
7970212407
7972169760
7940516051
7902571641
4048760811
7794663272
7466002942
7975295724
3796621463
7960786243
7965948111
7930735281
5525150520
7442482599
7215428722
5088854910
7974657048
7970858944
7973881779
3899787303
4486547583
4862747909
4266010630
7902259902
3642073159
7530019780
7965278146
7578306110
7894489948
7760648078
7877168381
7589471044
7705364514
7555892143
4270472272
7161443194
7974303115
7007038812
5270142747
5015491108
7931177287
7917835956
7926867698
7911991017
5075450221
5682991826
7882840995
7975705707
7859569193
7954208258
7972644259
7033019590
7704080927
7962568830
7975855962
4898789828
7955267355
7812008995
7975860748
4085152129
7975711045
7637281222
5543475618
7217583779
971371016
4243138345
7697511700
7949946193
7944589095
7948700501
7508779045
7970112722
7457044561
4347657428
4091380053
7416070632
7558952220
6071944607
5236018150
5688558010
2792311604
7975913953
7298731594
7967509578
7173356594
7780161518
7966018534
7871711418
7974984076
4952618804
4256133294
7007354789
7975295686
7966854485
3381918804
7931800219
4431904352
7915300494
7735637526
3977046005
3679971418
7932277085
4908755937
4764849238
5423056664
5574236219
7003173390
4376976894
5447833078
7556623338
5223392024
7971795448
7559633751
7598883590
3400013507
7976061160
7515882687
4498261408
7367843996
7456309089
7975731014
7365170986
7850591006
7973724188
3767032249
7975372116
7967588281
7084386005
7301892850
7975918783
3744949917
5077912590
3785480647
7352051769
7970534947
3252160374
7962885374
5318622878
3408835961
7834830405
4693604904
7848218350
5776963196
7807639705
7366428903
7131581455
7348606050
6034070344
7964856371
7849827446
5046085068
5806508970
7963339758
7976199994
683240274
7824883567
7976114749
6046663712
3256086185
7182851122
7746903529
5535201391
5096161856
3133174572
6118388908
7964579788
7944515006
7965819783
7252741538
7976137297
7713577142
7611342502
5820497745
7976263015
7430177557
3814606231
7682265853
4905647262
3428786756
3666403734
7939876229
7854685628
7970128583
7611302871
7306185623
7881773198
4310154184
7976351701
7976352480
7547488437
7871278843
4561430449
7882051358
7876544100
5299500471
6216791507
3791177752
7631994424
7976381301
7951740304
7375409633
7936511988
7966810411
7149640747
7968073036
7833486480
7809145853
7504817865
7975012112
7976391150
6036603251
5014543775
7975631542
7494450637
3897970647
4983391641
7961115696
7245511214
4968432364
7538432452
7976510065
7742687081
5469561082
4141112761
5566939563
7972749226
7974927084
7966570304
5654594225
6083856764
7976629732
7945446011
7877326494
7933058166
7523407640
7924992551
4363400598
7976712339
5451996336
5548666438
7420529368
7665797267
4894208251
3255539895
7877402931
7976806502
5702281728
7963891456
7970995616
7864596852
7976861386
7976870970
5815801714
4878647369
5519486122
4612591637
7912915882
7976916478
7736326375
7976742179
7122526609
6229949348
7608645754
7926678253
7976712286
7975255473
7714528519
7976994036
7965001077
7974597892
3761172465
7977052934
7747676447
7837321405
7977130353
7955933115
7845678425
7970392903
5667028765
7834560325
7943841879
7969485448
7975331358
4263436501
4552455384
7935409044
5664059626
3844723022
7487991601
7966671680
7977432521
7934057948
7207554436
7930545860
7977489636
7977191726
7451704558
5492837137
7571814854
7549544274
7418662246
7829682073
7843157834
7859542166
7973906695
7977551102
5168556745
7969538900
7938836635
4916319275
3928855822
3715848913
7515248215
5525053644
7868652366
7908698661
7138063999
7977637111
7175834994
7977631836
5257932300
7945223512
7902883124
7924571866
7977579072
7082289717
7974033421
7971765977
7977656909
7875677239
3213315298
7505549034
7977681853
7768544652
7965878792
7249904560
7913939350
6046453357
6207644859
4855595329
7427822963
3512394735
7412265445
7977623612
7977648736
7977739122
7129760699
4632955701
7361110561
7864643717
7961445163
7977751170
5851131525
7977738896
7641459753
3972991846
3545778102
7977750327
4231451571
4938178715
7053656514
7931954024
7641438469
7220784519
4461415112
1922435397
7977794636
7970480038
7977700429
7975703615
7277198888
7519191795
7732156289
7977529660
7748471901
7484378789
4494844532
7977814592
3697544593
7973734363
7977820708
6095412459
4177727007
5217228066
7949219013
7965550852
3734864087
7832719316
7970688858
5739306987
7977820151
7953675195
7953210356
7481729497
4482096940
3790581991
7977859087
7974760283
7977541951
4738687808
7977731007
5698860020
7893770281
7977881239
7216048965
7613759968
5588433788
4046844260
7649792152
4439872018
5585222886
3747993773
7814098425
5165459058
7728279198
7977848553
7657521929
7940282582
7140774867
7977869778
7932065934
7940063458
7166187944
7977904391
7703966779
7971310808
7977569324
7795817553
3715385545
6082461310
7966789835
7967099062
7958754654
7975702282
4189878116
7977872412
5556916767
7977665602
3554766073
7905980145
7768297438
5566822726
7977722789
7977941582
7977920495
7950173102
7970976062
4736704917
7141255002
7705114328
3191670420
7977974346
4451463369
6176083945
7977881696
7877549897
7668256891
7977981169
7977989377
7553297779
5588391870
7888968098
7934282767
7939325666
3893033517
7974117730
7961110123
4552392948
4632259788
7940732804
7226296637
7423954648
7725677768
5086442645
7892699688
6065977056
7731624856
7502372975
7639039596
4729360006
5861000178
7977947502
7954759247
7973846937
7534309387
7559317098
3760661287
3734382862
7912815056
7419363117
7978065994
7668017456
7674070538
4019132068
7641590193
7921014195
4701060534
7978091691
7966911583
7978010258
5622455975
7978043658
7796935708
7539201289
7883987015
7247304064
7978022754
7976523573
3921425821
7374191428
7601513921
3793562697
7978111254
5444135573
5847986874
7977697363
7974474139
7978127617
7973792014
7978078619
5699366218
5669871019
7645622639
7973664819
7098798569
7331841343
6151148613
7978149012
7965289932
7977913321
7978155180
7978157481
7948766939
5168602630
7913279483
5591284593
7829034367
7975146467
7839196571
7522837646
7945154353
7965574081
7899178695
7978169537
7978175560
7459170518
5827047795
7893007125
7925612284
5623308519
7978193725
7978184514
3980245918
7037662571
7978215205
7977605147
5570466545
3988995097
7419327078
6065816380
7644613739
7609324496
7638212491
7972334983
4310508029
7978087270
5521544904
4077829102
6012796921
4701436111
7053896040
4056535793
7978250983
7960862441
7959718543
7893240102
7222307598
7476768760
7509860703
3799160480
7704151360
7967141062
7978258163
7978232715
3852568841
7977674102
3344160592
7698741581
7907055607
7416535221
4098938868
5799561173
7863126172
7315054501
7978267005
4280500795
7509271963
7868192716
4983075363
7978301582
7284081641
7872300775
7839149067
7978284298
7425878387
7971386040
7970859015
4080069792
7975227147
7346810339
7978323825
5088328127
7978204033
7978148311
4250403222
7977731446
4871663590
7959161081
7978315306
6188835281
7978338370
7978346592
7730973973
7978316318
7955586136
7970658544
3123431467
7974510511
7978358621
7298239311
7407172771
7329901972
7978257643
4125284231
7978349698
7978289811
7893324459
7848574369
7077804650
7413825445
7978132441
7893173171
7772158550
4676193991
7787706322
7171115135
4740304360
7978371478
7978232908
3902244084
7978343996
5744202978
3943234033
7872116856
7978361355
6121242389
5085946999
7978394092
7251917758
7978404203
7978347732
7978398110
7978403220
7976014213
7975995116
3473279275
4023185656
7978338417
7306078257
7978415191
7978414629
7963201187
4962207015
7925499834
7668827828
7967110007
5080451992
7976225801
5124368920
7919327972
7971347378
5473399392
7978156263
7978421290
7978417532
7978433420
7978361096
7971213725
7978320913
7974029306
7977638641
7949167394
5521828659
3734238625
7818838712
7201512057
7978436180
7978446444
7686926525
7906938941
7112609468
7646481985
5161494591
7151334307
6210942428
7860322853
5261070389
5435197134
7978465759
7961442987
7967140257
7115997473
5278462942
3221921254
7147442540
7371714865
7866548158
5725121436
5664490527
7978344047
7412894141
7816179067
7978459111
7978492448
7398091401
7978512547
7409814950
7976300510
7222548072
7141831291
7950289006
7978463137
4808885015
7533233919
6225077981
6153317189
7522723100
7551774359
7974622178
7020018930
3775709916
7962261407
7533777490
5402067838
7969862882
7907619279
7425583246
7978553006
7793397517
7847792494
7795900822
5573376708
7812201595
7974360128
7975410953
7683745858
7806668422
7554993165
7978459381
7095019128
4682846170
7975341621
4379393747
7978520299
7978578368
7978465455
7930570938
4260690586
7881689859
4158216945
7977731433
7978547501
5860612158
7977882097
5087479675
4435123361
5521752999
7668707881
7589527187
7978614298
5177066655
7312282785
7886905029
7978240284
7978547068
7871878282
4283463806
7864262037
4936525677
3857336017
7978626330
7796071775
6042303272
7141168005
7883759091
7912243356
7850339187
7511591674
4775719827
7978650010
4796478254
5124219421
7944221870
7944838412
7978622466
7881783320
7700944822
7978668668
7978554586
7887148297
5035348280
7978634205
6219637678
7970244538
6193169704
7869057649
3302848072
4039962418
3950331731
4885622275
7978507219
7977934478
7975452561
4324925108
7978660506
7855499920
7975319678
5627206785
7978592420
7920623811
5022971012
5677482734
7978720077
7914266642
7107186777
7975131506
3939994230
7546787109
7849696200
7978679093
7501129225
7887529889
7482757531
4098384303
7204679479
5269771456
4435334990
7970229794
7978692950
5299186546
7355187093
7898536398
7978731961
5682795874
7978745339
7611310070
7355257528
7978692192
5597535080
7895166573
7338124853
7973627797
5849463023
7978608401
7926156768
7935297113
5653786084
4027933215
3970700016
7978758407
7978446464
3629864964
7533188920
4193229587
7275530589
7978802199
7854177439
7978782192
7773249015
7771638610
7283227487
7112531821
7855266578
3830514517
7978805717
7978795748
7242789805
5182106273
4467638142
7070776494
3249474592
7978823237
3295935989
4585682821
6000662080
7978801691
6071366805
7697924398
7552549002
7457059302
7160457875
7834351112
7978813819
7681859034
7966774361
7978854078
7562230778
7599460187
7918716299
7971352207
7977512016
7974118711
7978871445
7903946989
4268975937
3697670143
7612973809
7978880186
7974413075
7931669516
7978792000
7978607363
7851189284
4426035336
7421140898
7673914050
7696933045
7969514874
6039277925
7766478177
4114566173
7948539679
7978893019
7978511354
7978814397
5039988295
7978890080
7956684120
7934801925
7974351280
7977544776
7978943827
7640061933
5702207099
7347785750
7978450080
4937340357
5392846120
4181976059
5723321715
7978687149
7622453177
5282514142
7979006491
7673590763
7897530711
7935085973
5778105450
7906482897
7868177601
7950891571
7961533080
7978986457
6050500345
7518025445
7978945005
7222463574
5315413143
7881692015
7979021151
3544716699
7695084331
7978912592
7977128168
7955783713
3440718578
7818558203
7974449329
7978601996
7961733226
7974380907
6224876893
7978273385
7208686804
7500883167
7871414950
7138058263
4702505319
7898272335
7375617101
7979124221
5577982496
7789944845
7767033928
5737991594
7979138138
4790960270
7956452189
7978768381
3181598345
5251861843
5626949339
7670744739
7812609734
4357522886
7458543601
4996113850
7979177302
7948945718
7560583048
7811704995
7094709810
7977896736
4923447937
7939523037
7668798280
7909358648
7978534343
7979209203
3731265346
7979168544
7931581557
7419677131
7979212128
7878895261
7728753775
7979109162
7979237570
7978770046
7227133285
5479199724
7354946293
7877047390
7806963542
5515575317
7203682488
7510191243
7979263019
7930381219
19775575
7979264715
7971619931
7259563800
7979262610
7961997751
3883662352
5824790530
7943907990
7622369975
7069258771
3127751223
5730431538
7978387201
5281595677
7023299202
7979110296
7935503567
7214142552
7319128627
7979119699
7617360729
7979211586
6134744399
7136313539
7979327849
7979323582
7979262398
7266895271
6118515766
7944821199
7572634070
7150743716
5505774606
7881590311
7860876148
7216535920
5625432209
7979407169
4705877573
3852509475
7937076303
7124285939
7210114544
5162787948
7268600608
7979230220
3753247241
5361354165
7979261770
7778167684
2840651894
5802427783
7533695393
5402543633
7871427366
7971709613
7934929480
5427993262
5286248890
7979356424
7979472423
7396236815
7978897339
7157142624
7943826777
4948719068
7892856828
7266983350
7978256176
5677939521
7979482630
7979434098
7230967031
7978046139
7725031330
7966141758
7420626771
7979251640
7979474594
7886918744
7919838905
7100169643
5228974688
7278471204
7088458927
7979562489
7283339146
6013299018
4090185133
7975436146
3064126272
7729906031
5698237595
7912884216
7979502078
7979570474
7853480911
5060221773
7974543042
7833241037
7361870545
7415644034
7371239587
3933414400
7913208048
7088572968
7979554587
5354275715
7979670495
4856741670
4011813252
7823038758
7907968239
4438388462
7103351732
7827997178
7773501709
7729378911
7966212677
7979576081
5622311008
5445060717
4030522253
7979361990
7907724166
4842162431
3526189569
7156415745
7979737316
6088429723
7902280329
7978339348
7979330398
7970104779
7917692188
7089218052
7974088461
7376137068
7936894445
2797073297
3531818331
7979449448
7137310012
7979701701
7735120104
3492718717
7906957190
4856975534
7979640330
7960115374
7266874548
5394359597
4661805291
7979433052
7970501301
7974669162
5692291099
7930487424
7795269151
4296892767
6066142799
7281309803
7893740196
7790607589
7891069848
7979846302
7669446440
3758575945
7276561469
5485133815
4912792131
7979883170
7970211224
5563288446
7897638733
4683968518
7640657457
7601019106
7658383100
7275567856
7133616640
7871150264
7936968827
5177229317
7979902836
7915097028
5234154286
7979868019
7119112438
7979959641
7974358911
7919173771
7979806239
7977890479
7976913908
5616152959
7690194413
4969292193
7966342033
7977680370
7980018540
3750128255
5558176769
7436173134
4294831714
7419082017
7924516217
7953716459
7847951693
7955891816
7980093650
5569920686
5335520169
7615056422
5674184654
7936747917
7767871823
7977737158
7935600477
7564556152
4799608894
7975860134
7552990403
7918632644
7959565916
7259880861
7276541775
7980132404
7980121863
7930196335
7978801145
3453146486
7820897663
7140108241
7978162782
7980041911
7585047986
4502040728
7980199858
7980207366
7899640806
7978692041
7980183361
4614794998
6156425512
7979637056
7980091471
4276652234
3982902235
7947993079
7961508490
7111597287
7980329546
7980302455
7980358353
7868190019
7980392327
7980406312
7967453862
7062136238
7952968939
7956612722
5645199606
7965982019
7980116437
7966650826
7860463928
2773827966
7924886861
7980476534
7980485026
5506625474
7818744028
7976382683
7641688387
7677028825
7980522003
3857869069
7549448348
7967543551
7980563712
6126311948
7962552606
7980553477
7976568510
7980619932
7555422195
7948441824
5424542072
4907703016
7980602732
7980555875
4245625168
7980599211
7967222991
5825165220
3727938967
5482989866
7980689554
5599980102
7695250993
7552482430
7844593795
7235960052
3774039155
7980740493
7551932510
7980502021
7312911546
7979479055
7976366498
4776107231
7980501548
7289885044
5849160217
5495950435
7629947092
7980745953
7608524485
7936345841
7843202385
7975645006
4549436935
7475609632
5642241996
3466595304
7617245012
5055155048
4158467634
7981120113
7980995426
7978390493
4818622467
7223159574
4438388732
7966510790
7976234517
7904232348
5738156388
7611955412
5337144330
7955948637
7138121555
7973490695
7563528568
5393491115
7898125160
7927551504
7070635228
7312491175
7611356535
4262942599
7978963926
7981695317
7155608741
7963315493
5582227408
7254693033
7981734448
5261782069
7967349869
7978918825
7740895992
3730563255
7971105681
7621534151
7978732649
7875352123
5004932386
7981851440
7923885571
5859494803
7844168749
7774426443
4237710871
7978193868
7903060179
7204171077
7479175095
7632496031
5380115223
4081653512
7132273108
5827794969
7935772372
5508908927
7626456979
5626767909
5587861923
7979784676
5864611439
7974959652
7586738224
5634948617
7906978068
5530945161
7009186438
7980313828
7977892578
7981948269
4532471427
5674995368
7913560018
7979043885
3828981577
7698181435
7537922594
7981782904
4112956710
7970221117
7955999132
5506495029
6124769666
7848567320
7982061816
4575757706
7978614178
7735540480
7982080500
7764004124
4442163997
7982094735
5746759412
7939648363
7982081287
7538117215
4667229147
7982120887
3893047476
7889262378
7572858694
7982149510
7116810811
3350035254
7276737912
7278048421
7971384054
7942029024
7982150943
7166518490
7982169519
7893463509
4514153240
4937311270
7072926010
5152086659
7131982584
4912118400
4796173569
7433092588
5650261601
7982169264
4153270396
7912300941
7898437562
7979901668
7833404815
7913504567
7940554664
7953384367
5264410452
7090330549
4784440739
7926103860
7776596676
7729061730
7982279910
7253715444
7504921284
3665999828
7974597248
7982279818
4371720967
3447201481
7248831376
4865085438
5434088365
7982300470
7966515614
7181305992
7982300994
5798683582
5075472775
7982346474
4855678596
7953181805
7742544934
7280194870
7423929740
3942761140
5446720373
5803248797
7282908795
4124718658
7872431851
7830183579
7978947880
4107133846
7977803534
7615904714
6119588373
7621812366
7981802278
7982384618
5511948684
4775745688
7981796673
6205943494
5100311785
5050229055
7982345478
7824015215
2753663833
7844153026
7982375334
5474756393
7699264684
3751040001
5427150810
7966200124
7982082061
5689000174
7982436523
7196069117
7726363529
5751426517
7982421091
7979292061
4856449040
3263301918
7982453258
7982438879
7979304174
7616638074
7730407579
7977592789
7982360364
7977761832
7982255867
7982472014
7961240557
7581068549
7978395674
7817893967
7114256715
7949012563
7982434779
5851607882
7541872424
6124501941
7982408790
7846712911
7960032527
4878240875
4705309850
7371885385
7337300431
7967808385
7982019676
7982522468
7559311582
7618685443
7952120973
7907027058
5372944248
7843677203
7603759463
7936373082
7982358689
7978520906
4850101212
7982563413
7590480960
4478987190
7982317129
7940223945
5515243293
7428521426
7901471095
7149692942
7982458705
7961362139
7031102251
7982465006
7970601566
7834260508
7982471618
3688758200
7981662258
5495400293
7980512092
7877876838
5088950772
7564378814
7982608310
5752614108
7934909693
7696554697
7982623600
7970031067
7935335573
7079547404
7982671788
5103996667
7982627225
7954518387
4958901806
7982503855
7713661126
4755707050
4232114475
3145852532
7533155903
7108082437
4125437276
7909760170
7120771486
7982691188
7170920846
5602035129
5847146547
7506211218
7982730901
4856253570
4318319205
5556063743
7648285055
5791311921
3716818359
7982729143
7902732715
7898493605
7979613567
5677001254
7934615620
7982365579
7932061211
4863348519
7873127469
7172342166
7982771462
7881925158
7236689620
7982769910
1936833208
7979743485
7982773031
3960907592
7939679036
7319618322
7982665598
7300650198
7982636956
7584405649
7982812001
5074338968
7914013982
7074377649
7982194804
6066818950
7789954881
7982834661
7811181291
7978330284
4226640017
7982417026
7249546763
4572145464
7326446678
4734550311
7660108091
3844433872
7982854249
7553105335
7982835661
7248653206
7970398413
7263150577
7310192756
2863696783
7907338804
7888340597
7982424500
7930524451
7817940739
7982877000
7955714525
5074826033
7936337155
7770103059
7132391245
7679118769
7560221580
5850751929
7509931877
3608800589
2832663045
7881519317
5474910305
7897945985
7943663305
7982853899
7854004097
7874812657
6012622238
3703497675
5462464061
7089470519
4817381605
7033404705
5636705436
4918402555
7974919103
3455119186
5310022485
7982780172
7943471013
7982956820
7982982272
7698358154
7930522992
7954625060
7477098991
7982796503
5237193357
5439578627
5508627309
7834209150
4996850120
3889017725
7982787845
5524783589
7979349842
7982933014
7304702019
7754179504
7880539405
5640364560
5585280486
7978274987
7930124893
7735710717
7983043453
7983047244
3897654042
7249941429
7982978602
3852429026
7983075474
7983078710
7429003107
7945999940
7814807964
7982934775
4472956233
7983077942
7904202326
7721839107
7953236687
7539307113
7983112890
7983102917
7437735376
7982628271
7982589733
7920332163
7978868517
6136514523
4769170516
7966891146
7883940616
3860348583
7138105627
6083257893
5867741035
7966623422
5674091528
3680532310
7979453661
7946756486
7347633010
7128699811
7846564838
7982791728
7883327278
7983024659
7983154402
7983172580
7012314264
7983195342
7983190407
7982210752
7983190855
4980880419
7983206887
7140987584
7190390516
7927330059
7983020180
7939028648
7962725974
7413849964
7306105877
4657992623
7479566665
6172254102
7983088103
7401771496
7983222119
7982182886
5580559157
5237541713
7983248530
5616865107
3784512784
4840151515
4784893093
7983285152
4793077985
5410142077
7924602484
5781168768
7982476799
7198816284
7983160995
4188587359
7982773872
7966894957
5551089130
7564898452
7045005318
6200248432
7421397422
7977882387
7978384313
3850402384
7355321264
4320219630
7458406033
6140093543
7395442603
7979517914
7983317765
7012309782
7713147136
3409155229
4952049471
7975491066
4353847828
7898244179
3810668157
5756297468
7983308077
7971595143
7935250702
7983411080
7983418138
5291442794
7632021287
5237579682
4919489230
7369822054
7977169679
7433023867
7816959770
7354424160
7983395617
7982670091
7451628663
7586237083
7983294337
6160191807
7902894067
6152525406
7170141471
7686074459
7983227318
7873267189
4891262976
7960869258
3419459995
7936000439
7651275766
4439116986
7947902615
3911802767
7982591164
5366424809
4259960800
7982652100
7982682021
7983409393
7983084969
6087202298
7983365157
5176121517
7962424439
7138265255
7983506875
7961466037
4158726841
7983236691
7683561829
7983061457
7131950776
7903453993
7983547182
7977089273
7902468404
7983544253
7181867194
7969809504
7141057821
7334206286
5559597753
5588704500
7224779208
7147400746
7983608020
7983568821
7983644910
7983576774
7973897228
7983650561
7950178771
7974501485
7661471047
7983507323
5760790556
7925605114
7983711569
7184397795
5392374840
7983650086
7102643410
4408863062
7455939065
7901952171
7983718957
7842456597
5177164247
7420831223
3849171526
7306013630
7979948047
7588916537
3933378718
4545788776
3924483519
7530712345
7410623313
7983779413
7979105079
7908643053
7646472007
3270574876
7721788716
4164540339
6116721330
4237509796
5295672235
6134083004
3263755979
7983768508
6091633578
7980185268
7906766497
7766311842
4981202648
7252506205
7967088163
7754373844
4856933903
7983891101
7983666450
5091555528
7981049419
7256465608
5861490538
5727248549
5125304201
7979348449
4614504057
7983940444
2761634195
7983892945
7984003190
7982791410
7814027904
7430063503
7979555659
7983576358
7955669641
7983811969
7650147408
7983994771
7816882517
7488481461
7931006162
5752336778
7983913712
5851460094
7967431322
7661370102
6147760711
7983954089
7697760998
7810495892
4501048570
3307593588
7984037683
7396464944
7873020506
7984069034
7083015608
7698068333
7640431358
7892667156
7853390537
7682914154
7956327083
7983729098
7984098982
7983875308
7984083833
7984123866
7984132132
7984092436
6230766043
3944905456
7161761687
7978704917
7475754119
7974228174
7855135773
7708626264
4406154670
7979680101
3559948435
7243356938
3435267974
7608968452
7984185135
4976921598
7984042913
4138253562
7974059301
7980276706
7984166650
7984213929
7984107076
4701693088
7984258457
7983756408
7970990159
7984033784
7978021436
6094872044
7854388776
2786341612
4752184810
7982944878
3757721924
3860486228
7689517985
7984341089
4858057116
4918701836
7983029897
7444903383
7490610209
7960049930
7982627938
7984182125
7982509781
5801607644
5848737679
7984415717
5667179514
4639607319
7428730311
7984391674
4878955102
7984498261
7041464919
7982553720
5786135831
7984397105
7854141943
6221587644
7979172091
3128046038
7982308975
4781528179
7980265862
5110227027
6206962267
7730629875
7984401135
7984650256
7497886396
7941769312
7947994811
7925710612
7982334022
7871821316
7984657411
7725466626
7984608992
7721958667
7955433292
4460448274
7984165733
7984442157
7984620501
7983515148
7980075305
8617811
5314241522
5048179329
7984332727
7951482180
3529365073
7927394499
7984492274
7984328669
7984705103
7984769240
5828091831
7713260554
7984848654
5849068851
7983678011
5120991843
7984860585
7980240604
7154978956
3849595802
7984935439
7984849465
5562689925
7961808784
7939505074
7950725476
7669352694
3747257553
7982908959
5868242470
4858259348
4440238351
7813892880
7854199512
7721700813
7967023593
4713673699
7978946169
4393806978
7979013923
7985079926
4759480674
7915481287
7984689284
7612053489
7946658905
5478626189
7985088810
7985166078
6191571037
7984395288
4634743996
7617391804
7980940365
6179971769
7771695904
7985083631
7980876862
1359126524
7801483611
4200097289
5630606686
5000470603
7267702327
7985125314
7955032929
7880916893
7985397348
3537515182
7975895226
7985388952
7985211738
7203517892
7984357151
7978568414
3837579471
4938761392
7985544620
7985461371
7985429987
3794031832
7888701075
7255386606
7985490888
7903449940
7956115334
7985238852
7985636131
7985663496
7985669092
7618284398
7305719660
7983180712
6162482082
7983542056
7078784307
7917942108
7538421367
3410834181
7697660552
7985932734
3738212582
4049875031
7982455547
3744224499
7986025015
7986056494
3751908772
4838260227
7906387455
7985977305
7267987873
6195718316
5562750847
7986244426
4762715517
5702905619
2938628480
7964685551
7981671600
7942560693
7986225351
7986399375
7830140139
7355541922
7983037813
7983785354
6083575374
7983716014
7006997065
7979551376
4306737452
7511495708
7986493874
7986518025
4162467308
4664646619
4114861975
7884135441
4908617365
7876504644
7986536424
7986563347
4419161682
7776507588
7974344723
7967156031
7810600685
7893830946
7986711160
7971136688
7040850043
7983323070
5734045130
7986654824
7986758338
4380201873
3564438884
7909680618
7004054335
5136948132
7204813302
7986778858
4922071860
5567519924
4125815685
7986823845
7055471990
7986851163
4247978272
7721248567
5499766951
7986854568
7111583927
5573423804
7977802033
7555429279
7054106163
7978858293
7950235759
7975785626
5148956946
5205252234
7897576223
3266287326
5299521416
7497363012
7978481366
7954579174
7986882869
7041427192
7948398010
4615266472
7986827190
3578822139
7986929055
7986944612
7272604168
7949775809
7193821298
7664444431
7986946977
7690971475
7986854133
7736378082
7986932729
7985381972
7986993793
7986793249
7983254580
7948975375
7782502878
7577367501
7987042747
4101541416
7379070456
7987016095
6166654607
7969834082
7969345132
7898300609
7987066151
7807419194
7977918348
6183211679
7777674922
3309231465
7984895861
4735444496
7986963311
7983803629
7501325891
7987043748
4086680011
7979259071
5338633641
5585238797
7954238863
7987178826
7860835064
7986905067
3598571306
6095716468
7987212250
7984279924
6065174498
5482104107
4345546824
5792848679
7987255101
7670588989
7987258499
7987060012
5221602721
7818453867
7314512696
5836072310
5469454903
7906632008
5717998445
1647942553
5221749166
7987328746
7650534413
4072656656
7987326442
7987270319
7981804979
7094690452
7971065043
7231523800
7917455900
5673249191
7983596158
7888280856
7930525028
7977460065
7795587361
7987310589
7983305751
7983099507
4972977650
7974747390
7953395825
3857976965
7530086269
3122479349
7987389590
5570196265
5034415989
7987446090
7974248866
5827381530
7986768337
7548701102
5505065089
5201164108
6187906144
7984182213
5807526500
7987422105
43885282
5739979760
7979027415
7987308676
7789597778
7987502550
7987506088
7502141674
7031611604
5712727007
4890040264
7987006237
7126990877
6037651337
7721708746
7713322381
7987479670
7917145090
7984421930
7984524309
7789193496
7987413192
7816773202
7510447641
7984367964
7987563848
7465230618
7979859779
5334333928
7568647165
4783519722
7970169031
5726519459
3963372620
7982465280
7777806328
7987695715
7982831029
5712856325
7970643886
7457182896
7987698983
7983440859
4206725430
3430814802
7974725282
7987732112
7215846349
7407295726
7141048702
7598160140
5727700912
3602145953
7542489433
7546330251
7641193011
7346994999
7959833867
4080206045
7436574973
7854719229
4992428108
7609004034
5854263872
4250563702
4691484571
7987829613
7987832328
4905781537
7987578314
7848362541
5589902083
3544910825
5451721665
7934000052
7987858956
7227811493
5525561997
7987895685
7963353092
4151047907
7987870097
4661697339
7867080138
7397402521
6124488287
5050713711
7871903942
7987775438
7914069364
7170526059
2757427460
7980282469
4821159485
3837740113
7279555895
7913299472
7940878776
7984803433
7987966767
7986759073
7253082900
7195423744
7876586831
7986841874
3994900093
7988005620
7646329067
7987931797
7916823094
7075547583
5287361781
7983855139
7415225825
7457051113
7863675400
7266840516
7975338695
5269545433
4902044787
7988029528
7847624218
7988048791
7978095382
4287852238
7987873704
7818394974
7877667702
5379919230
6193447444
5799741298
6049375499
7700094083
5350378313
5193589398
6201325576
7837950878
7988061547
7971896225
7483738730
7903898966
7987884373
7982919718
7776885356
5622508633
7346796179
7973914455
7988077245
7944496811
7868298844
7817885639
5727744106
7083477961
7549643627
7977818639
5624740535
7893589445
7948125788
3850020781
7988128986
7979789371
4638054865
7987552312
7433233817
7646498508
7137055885
7789938257
5764616737
4556251639
7984683910
7988232882
4075242902
5020141987
7558968174
7986601992
7088783842
7361824812
5534764513
7988252524
7988260812
7987877420
7987567352
7984311786
2837250083
7988280440
7987721644
4814174663
7550304072
7789329694
7987726911
7988304559
7537556664
7978573756
7988066894
2756246426
7988165280
7912965770
6133010534
5617044068
7979231316
5824607048
7352199156
5864867856
4357646347
7988367679
7975318865
7907676082
7978530915
4898672513
3906117652
7988054977
7930786960
5786608457
7971912458
5843225081
7988428096
7988237319
7970524644
5126976363
7987879961
7677312775
7984768541
5053259700
7984401653
7175566481
7988340247
4697420586
7979687428
7983613902
7694474434
2804679115
7988461824
7988518959
7988564177
4994082688
7988580710
5056383346
7902074243
7616988133
4869971495
7988321844
7978213206
7416685164
4912716957
7017178142
7982982008
7988600877
5473600504
7987498875
7220776851
7308868726
6012969623
7751331173
7988586636
7988646667
5570242726
7218370657
7988325200
7988255510
5827099636
7532560406
7988458702
7988380144
7988667230
4153114002
7582513580
7988726352
7988686050
7166797821
7988577109
4576245482
5725510825
7988060213
7988505028
7682245960
3276971281
6066033553
5679480199
6194138819
5207212585
7022137763
5195718400
7903599079
7988776003
7965630470
5063806719
6005173948
7988282776
7016057889
7986989435
7988401466
7728431349
7266686303
7862821699
7988515458
4259324195
7988089433
7988063454
7185927942
4014662299
7222361844
7882018700
7842110873
7666442287
7988883433
7988917422
7813239419
7977662638
1882967974
7988686214
7698007987
7962452609
7988880737
7988957363
7860372729
7697974659
7960184052
7988934096
5360969961
4972660237
4153743452
7988971632
7948150791
7988988974
7972336337
7859303661
7697326094
7988989047
7989001926
7982680297
7939689982
3681088833
7988992013
7947793676
7355977071
7989006518
7989054804
5556702476
7457369776
3782054862
6061806079
5519085790
5278850307
7967012265
7207659214
7988990843
7601792806
5424656403
7766799934
7889456802
7986821954
5856026831
7965589457
7936766928
7185707203
7258709999
7989000379
4136280021
7988513258
7353312575
5557556090
7989009289
6182139723
7988898347
7893356178
6231179763
7980001096
7989200082
7987750859
7989121045
4926758830
7989206992
7987551112
5217342419
3704482058
7272084811
7989203387
7515352467
7834778048
7409657057
4949892736
5315549230
7982429092
7989259639
7989260209
7989256143
7989073577
7929768282
7819937812
5421244537
4220526849
4413759498
7989103944
4456386530
7983788881
7989316023
3837085625
7421010382
3020733884
5748623543
3548974001
7138600467
7989211812
7945236507
7988302036
7989183114
3986928878
5613745047
7864618935
5706714286
7294255154
5109557201
3272910053
7989414306
5728047331
7902422782
7301972267
7989380062
7608984466
7989370735
3735588599
7873117787
7989368824
7980787532
7415331736
5245026403
4947455092
7771132914
5061338501
7978378746
7979095048
7989129166
5648395306
6064984178
5473932008
7872506267
7882622726
7238657384
7731528301
4945522294
5512529323
4625119763
7989440030
7988897430
7989495007
7966839379
7412988342
5093101063
7989466729
7989632835
4689209161
7989580657
7950712847
7987046973
7916219274
7956765286
1590204101
7449273265
6043781638
7989517027
7803629031
5118200930
7933048180
7370546259
7950453466
7897491864
7975925886
7640400391
7239114439
7988099593
7977895410
7875928606
7893688195
7989751855
7212906043
7872718054
7989789462
4178869923
7989758319
7989305645
7962290069
7988276677
5803825591
7173172652
7419980655
7989839510
7980563752
7108121451
7989707407
4376481868
7989626870
7479494543
7590604570
7883236241
4768577951
7989638295
7989929821
7857295802
3344156671
7979651831
7379300614
7735981513
3668300469
7989924380
7683549970
7186216168
7989681131
7837374430
7989266001
7990035084
7456763049
7595050708
7989915713
7978668301
4777355569
7989127573
6130683720
5673012600
7966223111
7990093957
3824391535
4223526798
3760868568
5748238887
7989825831
7987267203
7970179555
7990110282
4986928657
7989636725
7990215388
7982127140
6097699984
5265211267
7351918846
7434070503
7908625826
7944465085
4700963133
7813022378
7980439691
7990129845
3980188268
4030232634
3021442271
7990052112
7984369512
7989549865
5120931702
7894071433
7990277425
7932684418
7990268063
7982620480
7990164476
3703793297
3947225277
4909877049
3835363006
7981881899
3716378321
7971906222
7617908151
7420072402
4096312680
7990374124
4124355504
7298284443
7990524232
5129288849
7913426721
5801769676
7989353406
7505443375
7324211395
6134597840
7988145543
4283417709
7563542240
7990278240
7990691734
3403171178
5110506700
7990657564
7984423086
5354219432
4578195841
5452616639
7976596825
1878725255
5747506557
5751804540
7944777951
7990566799
7935105334
4780816979
7910162417
7947516176
7869475614
7982994570
4326604704
7103379957
5067270567
6041963827
7990690928
7990705918
7991022843
7375764447
4505128367
7073547669
7990920532
3880244736
7990949004
7989457356
7840608800
6225300979
7294316813
7989612393
7469334717
7980772857
7726432835
7990772684
7990967075
7581507648
7991161063
5653627421
7991255774
7991195928
7991258435
7727469708
3526287992
5008696518
7991157147
7176346453
7990939331
7041052095
5507174284
7266829703
7991423035
5091708470
7238584331
3788285324
4264728672
3946256994
7991527289
7991739688
5422348189
7991573596
7978638733
3612551535
7991631993
7991979473
7991927274
7980886765
7658059123
7899551094
7992086730
7934251339
7670657802
4958981822
5695600593
6036340318
7157695673
7629688402
7369842221
7188286592
7585914456
4213263746
7992305960
7992380170
7992386473
7409291784
7988921145
7970285636
7987942290
7991563820
3852415883
7992589759
7992653390
7978784394
7992693160
7992667564
7973395460
4279690609
7872314301
7989968754
7989238739
7992725358
7944872100
7988607609
7127862862
3976777365
7992678088
7992783990
7913865688
7992802995
4046649696
7122384702
6039574572
7992695621
7992812324
7987752846
7116181898
7988263922
7872582547
7227612714
7992876060
7083079514
1627580873
7945609974
7607695643
7990297565
7632471161
7990173908
7992924959
7305508713
7992968837
7913953734
4356592879
7992977650
3933434866
6032835196
7947573227
7218214169
5315253983
7889075828
7993002850
7993091468
7343071251
7993053703
7270631966
7993112598
7990375900
7877251628
5479279451
7635629012
7993137057
7737010610
7990367155
7385607091
7993160308
6125036386
7992948269
7988453521
7716406778
7993252733
5053982551
7987729689
7913761530
3095474957
7501270161
4402955229
7993219644
7355037983
7993337658
7203499342
7445094101
5054937777
7883925793
7912626178
5089170512
7559765761
7935216351
7990347938
7792751754
7989503317
7943714962
7990143156
6065959005
7202898084
7274782677
7993400673
7208198630
7993354922
7811675092
7950576559
7611742934
7462236390
7943960626
4182077880
7702906433
7988104432
7993339859
7993480050
7860586594
6220780119
7491775961
3980589470
7899911678
7993158252
7993525376
7089230654
7993528458
7986618931
7645934581
7993485824
7993509560
7687426787
7993567196
7867851324
4979864919
7987999070
7280605498
7993572394
7594810394
7945089116
7993591897
7753261886
5828152263
7243807631
4385464955
3976861373
7393136314
7993276129
7966589420
7989896503
7893668870
7993610399
7993628033
7988005203
7977866944
6155908221
7949753357
4037402822
7993488575
4686191305
2818990583
7990368277
4134381924
7990080798
7990673391
7601877453
7993031425
7907214912
4915608442
7993154729
7993365987
7993736168
7993428767
3905449390
4178491987
7993411223
3680334205
7905892540
4599919878
7984085512
7310249088
4114901211
7190208796
7993682856
3244190331
7142225658
3932968930
5422392011
6105806263
5284369625
4273316513
7993880721
7893533338
7273323155
3599103636
7167707030
7925820786
7854058033
6064916552
4488890552
7971496480
7641258190
6065459960
7993576399
5766617444
7993726469
7912924219
7993917821
4695453033
7989938397
6048120646
7776902118
7993898600
7483093040
7965796124
7975901854
4863041248
4155890115
7993955236
6054348004
7993942963
7993984857
7993903247
7872494108
5269142276
7842167022
7477958729
7955526512
7982881154
7862960106
7930261943
4941136272
7978292210
7993906580
7994059669
7703330743
5730493092
7994064157
7774260424
7370899219
7572990991
5643466592
7994049085
5056281718
7664064551
7993922267
7778956043
7732763632
7993951847
7994021595
5851676449
7564498007
7863081224
7988603111
5860745919
7994055319
7683114686
3870175662
7978758713
5540015807
5482345848
7988844318
7993343851
7994144990
7549711145
7132964813
3898562743
7941585504
7626294112
7990815679
7698962030
7994194517
7994111744
7904227506
7899031513
3713057133
4880571905
3036962258
7555584592
7994241617
3861631326
7986896394
7653644832
7984307593
5087481514
7993577470
7777588167
7775902014
7994297256
7944778473
4652110908
7994283551
7235743850
7953835423
7987969657
7484599505
7994131316
7963973439
7969962783
7651608565
7964990302
7994176300
7618433534
7218226219
7994214593
5489920145
5818620891
7982264311
5090717069
4093489034
7204188716
7993856271
7993144746
7943800479
3814189986
7734614875
7549546878
7254709046
7970001919
6012372554
7515523077
7864448212
7994342555
7940381596
7993838605
7612746438
7970092483
4618474394
4439623927
7370202277
6047621508
7978338037
7771745783
7994089887
4136525284
3942534673
7992802888
7994286588
7865197366
7994455932
7395457154
7944413791
3735736522
6101336484
7983754410
7994444267
7994453587
7993108778
4502880683
7994413881
7839340153
7305532557
7949339717
7994184002
5472290855
7207575303
7978716580
7813150819
4973419158
7994529915
7994528750
7994442658
5448548904
7493572701
7613959659
4592129386
7927236677
4375860021
7994494710
5747873658
7994558771
7994154678
7994521961
7918628799
5781159164
7078846563
2943951133
7855783218
7945019475
4733788807
7983479437
7406068376
7868786689
7978096171
7412542103
7994473002
7737833864
5726457102
7993974640
7994661355
4924096071
7374222463
7994309830
7988388701
5328044832
7994622507
5683219038
3867733286
7941003618
7658031046
7572277548
3945168743
7987548630
7994202094
7994685032
5529286536
7951214621
4826611531
7913984115
5537108187
7994713661
7994714347
7898956607
7993757295
7863745826
3743415854
7994715431
5622677997
7980332054
7645275539
7994795429
7994785892
7993563194
7994810856
7994825367
7542717555
7994833936
7725722678
7961125487
7941704743
4825519511
7899147935
7994652176
5171197672
7992907819
7036419430
7994359129
7994348398
3147768703
6095034932
7994766463
7965245052
5596715963
7069551656
7994843051
7994811696
7216716189
4543527709
7994628253
7994687188
7933709308
5735239287
7989393907
3877140887
7994904895
4612322974
7294724444
7955697928
6120863353
5504428317
4663523564
7279874209
4635350620
5624883802
7556102868
7792967056
7995053179
7674856423
3631556794
7988528290
7994201579
7994958273
3000933239
7995087850
7995039576
7880028935
5441075243
7352399692
3020579043
7510337557
7935446342
7995143656
7986871954
7984415703
7995129615
7992687562
7878080506
6053364628
5540890169
7994676718
5292182233
7994529195
7703993873
7990388487
4860667977
7995226091
7813140237
7951105336
7906391755
7236529562
7995138537
7995235719
3045133261
4376524400
7670658866
7995170090
7989918175
7995326015
7640003307
7827927265
5747106255
5012387886
7950299995
7992608816
7995369402
5273782465
7989886523
7231049082
7995384590
7995393405
7929763607
7995341908
5479871184
7995131838
7995201664
4414739845
7995408113
4552466505
7989605593
7995062038
4165722224
4328623022
4144223914
7995208868
3351534624
7552733222
7994169380
7991161425
7887982369
7985468490
7993879135
7994298427
7812940448
3148363879
4413056134
4136312752
7525774599
7994872707
6130872164
7690517801
7993784170
7967601572
3790960271
7181461365
7974550382
7995449326
7911823434
4287485414
7993641001
7848961551
7995373691
4143041214
7995279268
7995549601
5702936508
7715983701
7022232135
7995540701
7995597017
7323877837
7620580217
5743948031
7462659566
7995596794
4937152219
7843097829
7995316488
7601875633
7961406542
7995663198
7995518918
7995651027
7995594444
7995380475
5695790036
7995664298
3159294872
7995692662
7995688156
7568571858
7995697211
7944029046
7994537924
5151452955
7995188836
7994447869
7949560412
7995332965
3690929016
6069302975
7940860508
7889720566
7257646169
7995763391
7995677496
7969757414
7975078939
7981986936
7995646466
7042192734
5734406315
7864079803
7995806381
3803689425
7940446395
7994478353
7995635029
4150993715
5685000271
7397067233
4291713017
5091509177
5319762535
4577638174
3790704888
7995609536
6009981841
7913222171
3119050629
7995788203
4990183019
7973781266
7843677138
7993413138
7995707086
7927267647
7737262330
7880853286
7995620407
5298385319
7995985254
7995984464
3889421841
3886447263
7995835343
7995739447
7995633821
7996022024
5820065813
7913012134
7111875217
7902508428
7995788484
7617501170
7959536125
7996044519
7988738824
4072239813
7472461016
7989058207
7994162605
7980065204
7995836145
7585275022
7979680283
7996099925
7927273575
7978596829
7996043538
7970948608
7995559079
7441406210
7877285535
4966450023
7891874479
7590330960
7703793498
3882969692
7779436147
7996115144
4072016038
7970396719
7995175059
7996170786
7995761402
7996167563
3145912841
7996176778
7993699247
7994566400
7993736746
7138970230
6017266691
5221995330
7807089896
7089432846
5693996477
5800253134
7918700239
7914097580
7412499543
4491100377
5707487002
7989915331
7979180184
7996170350
7993538269
5474774639
7038535313
7241065432
4319030188
5287029238
7995612532
5674645110
7996225716
3245989140
4653373157
7996384562
7254295796
3895984937
6188081027
7254292209
7996493259
4926735213
7979496103
7996356604
5650868844
7996512244
5617188477
6049432600
7996185316
7783975473
7953787720
3879700760
5718939144
7167160842
7766932781
7979971116
7996465537
7996446846
7772430837
7996310597
7626948049
7996489146
4423333639
7884934260
7883538550
7984183800
7994693692
7835090003
5654970138
7972506617
7996699685
7996640994
4973020149
7533588788
7996756270
5331109489
3543655022
7996302311
7994900085
7996778858
7898671959
7996633927
7996782178
7878217327
7220151257
7991500628
7973362661
7697876757
7706137728
3151540570
7996856596
5629875503
7601863549
7984583661
7597499554
7539672890
7854252454
5694715642
7996982406
7778954353
7207366781
3480457645
7995614741
5229149140
7925523923
7701730580
7996468544
7997158736
7996977158
5649286886
7978083826
7982531075
5263891568
4091040688
7997131049
7997221722
7997223218
4882592727
7997149301
7997242382
4503196540
4701137759
7847088148
7997091114
7997053966
7872211505
7997361399
7996619864
7479412793
7697975695
7233495909
7997210480
7997060968
7807784166
6220901895
7997447108
7694726324
7997056766
7969852454
7534842829
7982741169
7993923975
7997398855
7888983278
3944898742
4994039210
7995716758
7997467039
7992834004
7935318290
5339940613
5090932031
7904606089
7908360094
7998146079
5355933011
7998285116
4671954568
5079372085
7983927690
6062417002
3138301669
5336099999
7913302687
6167043709
7417818480
7352577102
7995671305
7031941916
7614537574
7731799515
7998383575
7303471546
7860571659
4413235757
7998508916
7990184957
7994543127
7097475867
7552277412
7998474538
7997019824
7995114268
4926793043
4649158084
7998521976
5488717416
5801737878
7998659547
7866980752
7538505113
7837638614
7998691987
5544028566
5542991475
7998726577
4583126491
7998748276
6100149626
7608389156
7998731504
7601956107
7180526280
7995677034
7904300579
7583015558
7989438690
7574436609
7998745984
7994114264
3959071166
7897945849
7994765660
7266662144
7994447026
6031431024
7737137083
7998548310
7988057087
7021133991
6071281950
7998809693
7420988730
7728985530
7998862552
3990535714
7992698541
7931962605
4835991853
3943412484
7948737747
7956218400
5689127770
7813522152
7998920936
7998915517
7998930805
3943514704
7416912548
7996420556
7304977642
7669210374
5042898591
7983169470
6110354907
7998372148
7978179863
5515428015
7998909584
7978110061
5050702415
7998860688
7897735310
4216307771
5466791574
7998981072
4618248205
7998983377
3360023083
3761218365
7996636111
7999003918
7853290607
7487315488
7784925917
7999006131
7833953544
7272447779
7996336682
6216773451
7137384951
7995905546
7986830756
4496877574
7880806145
7984712094
5597974424
7999053888
6047082624
5006162902
7911996967
6099003710
7960532479
4862281931
7118788467
7983500828
3017574918
7926987179
7998902874
7993568878
4751617989
7978302578
7998911753
7834241246
5343722287
7999140773
7999045964
7995546301
7999118024
4874419215
7979123736
5056007915
7848640057
7995745662
7999149049
7172706237
5175332921
7999196695
7900353522
7974468301
7877611805
7999163289
5588448661
7697948101
7999106682
7997418519
5214170688
7999016463
7998914301
7998915401
5141973544
5694799233
7584646414
7999220571
7999244107
7151445359
7931535248
7999259657
4327750231
7675739045
3035756735
7999270813
7997234149
7940233511
7999294225
7999272900
7999186049
7999247923
4680351274
7999290143
7962229230
7999203079
7267280265
7999272104
7973983227
4270929400
5264250190
7209116727
7999309897
4870414796
7226874501
7983830310
7966861017
7999219723
7308416238
7538178971
7995409950
7995181279
5795411176
7901314433
7688975683
7837589366
7999331097
7999307594
7999118724
7993945203
7999354012
7669662618
7999198823
7999176437
7412494242
7767105298
5573682627
7812700721
7883211409
7999400804
7994753634
7713377449
7902029997
7999356546
7999402995
7999042869
7986987193
7997269185
3303034834
7694219577
5519180868
4968712295
7270724236
4137016503
5585506216
7999225334
7999385563
7978095146
7948052494
2737254597
7999414354
7465378520
7995434767
5312478533
7645777437
7998843274
7877450803
7999465348
7999462598
7999445545
7267205144
5197761910
7999457250
7999435262
7988061723
4818323981
7204383782
7998332679
6109811244
7893214865
7918882609
4817253808
7999323570
7999498225
7235840605
4841513334
7999483646
7598310416
5478550729
7295913168
7999512018
4943828203
7867543815
7995089243
6060247426
7999543388
3883961019
7988229900
7987592880
7998587414
7999545058
7978833865
5730807840
5525492770
7998925556
7999576784
7612919771
7996298731
5474052018
5801699018
7767559362
5551252612
3761316996
7970281417
7999606746
7772948698
7931024795
7999112025
7107409146
7999402219
7771285850
7999631440
7828194563
4980933772
7999584089
7581354820
7995748279
7999631096
7999217255
5844463994
7396829357
7704882478
4490825364
7999550566
7985113608
5856855587
7980646537
9766393
7767254647
7998639623
7999640092
7686727469
4132519925
7278269969
5508684766
7978290753
7690251171
6128880989
7999690610
7935762406
7999029816
7995469842
7330850108
7999323159
7999655529
7079079332
7895376348
4090361856
7999721142
4961857751
7999694884
4152940541
2950265977
7849676778
7639822982
5016769889
7994760383
3741144135
7982867796
3239318778
7999549621
4894590036
7988179010
7775779700
7436812342
7999750727
7999802978
4113505387
7970626308
7430052740
4300263378
7999821704
7999082032
7999705469
5674500545
1499598332
3977486786
4891506086
7995442406
7999786313
3742001863
3753325702
4293970186
7999746624
7838846657
7965086494
7279758903
7950539909
4203010906
3425325404
7994448592
7477816808
7046021406
7999883211
7609132035
7998997183
7999853134
7999875386
3747481234
4477375787
7999832250
3482935917
7999899887
7940173115
7999895859
7862627484
7999441754
4933752019
7999923967
5474753412
7999941223
3980118919
7970921977
7978311066
7991091775
5560499897
7605377235
7999957686
7929845123
7999723242
2709856398
7999599657
7999581172
7999935340
3411142921
7138038200
4088339702
7887121853
7999749816
7538318885
7998947459
7955881577
7214749500
5748556766
2992750963
7996689557
3518215877
6185093270
7864517937
7999744032
4911373814
7999953949
8000067177
7679831425
7999950970
7995432773
7969944686
7999074069
8000120597
4912434338
7900213593
7999917836
4833506016
8000071876
7370443994
8000155660
7586300714
7525464855
7217466134
5743925021
5851001580
8000170024
7999782007
7994711415
7995283720
7581326509
8000162132
5607255221
8000037904
7965835828
3573911177
5460984070
7295395064
4457746374
8000217906
7999992763
8000197649
7999976335
4936230428
7161827900
7288553858
8000172708
8000198550
1164488630
7983750564
8000259455
7713782916
7537448667
7878036885
8000209473
5366202621
7054947065
7227239593
5151565572
7849355301
8000018562
7940522473
7988582438
8000184014
4127644325
8000327766
8000327769
7998723224
8000258949
7970092247
4216607738
7876968861
5433986525
8000152582
7833965509
3020733168
6021882063
7175597839
8000315766
7998554118
5682710332
8000262386
7994473137
8000279628
8000361722
7908901255
7994340175
7729978313
7983009125
7212338910
7236938023
7936949044
8000296975
7835458719
7999289026
4506566390
7995240002
8000185326
8000413772
8000292563
8000396850
8000065076
7995440274
3855283466
7834698014
8000458619
7676004758
7642581519
7717496996
7995488053
7907965910
7860639647
7960432378
8000194238
7770458333
7272257574
7986850781
7417603378
5411271940
8000530834
7069522876
7935315318
4169852790
5748775523
8000554197
7871286259
7363158290
7993913821
7993893315
7668249417
7935045936
7820205648
5564284227
7563265774
8000448941
7314278938
8000630258
3459256798
7973829442
8000656495
8000660121
8000550613
7960386852
4042681567
8000641830
7834790980
5079672977
7538230279
7369334999
7834341088
7925237799
7996378068
8000719653
7298234620
7842944168
8000178514
7539109092
7312616551
7662667935
4168657688
7696827897
8000368155
7616580520
8000401818
8000520361
4411085129
7984080823
7999738370
8000789234
3609912327
5702495931
7675759680
7951911414
7999982969
7903200439
7979823271
3706746303
7974517218
8000465786
4191704059
8000815150
7979555773
7637183127
5625288392
6188618503
8000825417
8000620397
8000775722
7995065769
7909112863
8000874150
8000888049
5531261429
8000779141
7342186995
7979767397
3977507611
8000913564
7966109585
3807001339
8000916945
7999406418
7771824314
7475406002
7996379048
7894983137
8000979857
5121901257
7736566961
7969556639
7354751858
4027944237
7703312233
5643331486
7548732059
7983064196
7558320462
5646858699
8001063323
3419404767
8001018937
7838608003
4046644691
7982745417
8001009453
8001108249
5670909292
8001122316
4418100580
7909100928
7665451985
8000615326
5073757880
4822783387
7415527874
5745076510
7983361474
7848467982
4693795406
7355266048
8000377940
4697452875
8001271764
7885744596
8001091451
7999897360
7305510282
8001158438
3688387438
5124037845
5848100865
7998745224
7900309650
5276294555
7171398006
7217565374
3616051161
7531683399
7995471700
7377062766
7815135194
3025726221
7343679851
7137014063
7999352502
7996674377
4644385180
7999887964
5706367885
4685695187
7697924417
7932379227
5500396323
7990880391
8000275201
8000430697
8001781969
8001783289
7982656895
4787672588
5314786480
8001802506
5602627638
7354919220
7996101880
8001857816
4940621749
7991351149
7882434793
8001939110
7886927263
3977299844
8002012492
7874230476
7729230186
6004922153
5088908861
5757047169
7868748607
7988117211
8002739308
7983678159
7069629952
5073912269
8002827115
8002871295
4602243628
8002710981
7127290450
7919677520
7939318406
7811618808
7979105697
4001083447
7800835623
7948884754
7347310070
6121186630
8000186900
3939741512
8003190211
8003196733
7993329911
7994338444
6126422494
8001154978
7975962388
8003271852
7854441361
3477990386
8003265476
3334689189
4949285203
5616463389
7987955216
6134087376
7955535408
7583096693
8003113302
7243240867
4119593720
8003325302
8003423940
8000922789
7795674573
8003445045
8003438999
8003206289
7083820404
7641123856
5826947468
7088577829
4827812498
8003353684
5629862772
7940472008
7141389789
7124610469
4807890807
6071022553
8003562233
8003524292
7992679235
4321099636
7796093540
5444282195
7950033745
7184724288
8003598659
7569748883
4904942224
7629927473
3613201555
8001553491
7944206413
7283274676
8003642633
8003537810
4234066744
6131268538
7761754377
8003598343
3474589531
7011837211
7990064692
7796894032
7853643553
7843564037
8003585341
7978993005
8003721440
5474219497
4213227783
7954421997
5511839503
4458037987
8003728211
7979776880
3751128727
7016101969
7859924617
3029104187
8003675410
7913309888
8003674889
8003743486
5588534586
3648997309
4086626340
7289003221
8003668834
8003807394
8003613611
4639032002
7881590298
7999347742
8003676112
8003834733
8003856993
7970747665
4825628673
7645491283
7280169449
7999675869
6193546013
7923800367
7924534500
7564547568
7103905027
8002789313
7722447186
7605113881
8003754564
5613554605
7280136106
5550448198
8003983366
7772318769
7609011696
8004009841
5727803640
7898754622
5717323665
3945020336
5075319795
8003979622
7347400779
7926983546
7990400644
7231712132
7995783835
7982371867
4383006417
6138595873
7996611045
4872356932
7716634410
4477981393
5495209382
8004146586
4128504350
8003991272
8004073475
7946778134
7999359241
4838690791
3491812545
7959383350
8004209991
7987908193
4948257136
7996525254
8003096369
7666346493
7389739403
8003892094
7771476704
5847624649
5791496079
7996038400
5630759707
3191420120
8004153596
7008790788
5750664832
8004328188
6012705798
7006740282
5669433488
7956519419
5556439088
8004356675
7375004084
8004345366
7997488534
7995489756
8003675822
5619068770
7537527873
5688661227
7102826839
4907929483
8004132846
4586282236
8004434284
3994406929
5517927823
8004392024
7830410262
2961594338
8004441626
7930254638
3709522389
7986639424
5824511613
8004470140
4874583259
8000580367
8004597200
7978958228
8004329757
3324554007
7533950964
7611370080
6047433411
8004632784
6216764848
8004115316
8004644647
6213354931
5722872213
7267612933
7977722448
8004657532
8004021794
7566221945
8004673081
8004149282
8004669259
7732660509
8004025336
8004710610
8004670268
7416055620
8004446655
7015427580
8004724280
7526724466
8001194661
8004743412
8004767689
7458911972
7121292962
8004752264
7959437565
8004748869
7203816607
8004728376
7200548135
8003245650
8004558529
8004589297
8004432520
7676165391
5744692249
59135338
8004799693
7895213777
7342735586
8000934171
3424497341
7884289528
7538831732
8004866870
8004807090
7309662694
8004819680
5856259972
7674751735
8004829819
3799973408
8004881847
4302338379
7456252884
8004918692
8004883284
7509910032
8004593712
8004832089
8004922217
8004864535
7698493077
8004648584
7932026927
5077583659
6009820361
7906854613
8004914766
8004964085
7457482605
5348767325
7552494960
7970888502
5533990343
7912604011
4638335751
8004947141
8005033378
8004824230
7915408355
8000164471
7278339337
8005070956
7796364174
7204938054
8004857076
7875855209
8003561345
8005108129
8005088215
5215367271
5358128783
8004667920
8004830053
4397294396
8005122474
8005141227
4352920000
8005135402
8005172303
8005171799
8005168383
8005079442
8005146157
8005221104
8005200132
5515162090
8005234504
7282384999
8004911663
5207461944
4272180161
8005163450
8005332061
4556858431
8005333353
5527617309
8005367352
5339281018
7267615911
7954369778
5578247297
7878612117
7167024869
5509718840
8005352570
8005116371
7988567771
4169688980
8005396113
7027513953
8005388229
7868589065
7986946907
7674323979
7989139658
7032444826
8005417416
8005145329
3741783093
7142079706
7160930709
7502478749
8005442097
7729953497
8005466209
8004133155
8005022821
8005508531
4005664134
8005529391
3462106748
8005526753
8003498320
7285594838
5846026759
3037924130
8004987610
7204281361
6193172931
8005578510
8005568839
8005571576
8005589448
8005372662
7935135716
8005587273
7967744437
7630515400
7842708182
7932941330
7898409294
8005631840
7087862887
8004509821
7960412679
8005631684
8004767140
8005252979
7902310456
7381041118
8005652786
8005688535
8005732510
8005591231
5625490975
8005459552
7730557991
7834407631
3651957547
4909505682
3994133138
7522707966
8005659470
8005961249
8005985473
7876546977
7583168736
8006005978
8005748742
8006022734
8005615342
8004391932
4922593073
8003911369
4011564724
8005353970
8005456793
7139511631
8000424269
8006126146
7883317923
3713766925
7967964308
7890605324
6117781833
8006235297
8006271220
5407847352
5493480847
5841641852
7988912160
7760958254
8002707934
8006349124
4270989813
8002357649
7972461717
8006469694
5365742439
7707709890
1900437643
7149384314
5563067790
8006621169
7487232868
5536653450
8006691797
7979104165
7852551541
8004919742
7983342549
8006723890
8005494436
8006848336
8004121489
7916910542
4049920646
8006911254
7199751919
7989801723
7853346326
7348645566
8004745540
8005455782
8006999053
5179926304
7086680795
8003229295
5242014162
8007031861
7726865154
8006947603
8003217120
8007044100
3704547464
7878470263
8007056715
8007042064
7930622116
8007045600
7396386817
7454835881
8007005455
3515522910
8004676546
4992841582
8006996824
7984117721
8007075461
6051176590
8006808214
5284058052
8007082531
8004874134
7263469238
4259526622
8005204562
8007104714
8007164828
8007161115
7992645307
7994800617
8000058799
8007212862
7788900371
7833708315
8004484691
7616623924
4637786078
8005970287
8007218863
8007174958
7369935226
8007193483
8007260769
7889161313
8007271512
8007294228
6133443165
8007210543
8007203475
7612547092
8004185822
8007290804
8007285622
8007323759
4697654207
7771423732
7934077787
7697780372
8007339006
8007341559
7999826847
4329385801
7903130882
3825478404
8007363360
7366298704
4696240797
8007371972
7993048954
8007381533
4603020855
8007356849
5432007076
8007391706
8003402661
5692276192
8007366290
4202750336
7730486676
8007363134
8007424956
8007426289
8007426308
7204061546
8007450773
7808299769
5043175642
5694047500
8007468754
8007468539
4836506098
4980164609
8007483669
6129187821
4168740362
8005582287
7572965795
8007507897
8007355577
7969490417
7636386464
5653414514
7924447903
8003374174
7243128587
7969958248
7958993170
7712319303
8007534412
8005238374
8007543681
7419665458
7970859785
5514794920
7351180981
7368532350
5512141949
5088004258
7216153085
8004530103
7908180775
7605974880
7996903672
8005866532
4461888606
8003953441
4801846885
8007428685
6189367054
8007593602
4993026204
8007621461
8007554518
8007557111
8003410104
8004934491
7935040663
7971429190
8004221178
8004276545
8000030904
8003835416
7602102630
5776277719
8002853703
8007269978
5832765789
4761593696
8006039181
7990884186
7208932911
8007643947
7393211508
6089302543
8007615732
4446323552
8007626877
7871500196
8007680365
4013288819
7608735157
7975306090
8005044619
5670145680
8007644598
5851358663
8007575362
7917719353
8007677491
8000968416
7974679571
7847689161
6131160339
8007752935
8003938070
8007725623
5688985324
5292000393
5705129780
5665121652
8004683118
8007791288
6034850190
7998762587
7611210359
8007785692
8007675085
7897960681
7995221034
8007733829
7971351711
7918842044
8007786590
8007811447
8007801274
7679308163
7954370241
7983517334
8007805683
5375238683
4764350033
7930882313
8004927708
7998587175
8007825268
8007835451
8005016421
4893109152
7853451221
8007577319
8007800704
8007866296
7212230282
7605441372
8004583451
7969571976
3385170668
7162976124
8007886499
7987024808
4888876563
8007899747
8007893426
8005367991
8007903737
7639783341
7510582590
8005249340
6147030737
8007920872
4982698958
7093177170
7980126344
7875345164
7990852507
8007374851
7279419054
4723512093
8007480368
5699180832
7500102395
7818906590
7912898692
7918257267
3971123458
7478357928
7730502613
4791059215
7732537522
8007786253
6169767658
8007931238
7493662850
4953447437
7949940642
7771742771
3988903063
8007965135
7718221357
7610778242
7999810180
7035812959
7666063396
8007794303
7554693011
4734999753
8008059994
7351843407
7768055933
8007924992
7697864117
7234824139
8007901988
8008094817
8007945056
7616547004
7953573043
5714382634
3243892819
8008047584
4625243802
8008101469
7971613351
7366630075
8004380464
6069455237
4145117327
7423639931
7978301671
3047561105
7794532180
5533739362
4417635111
7766961654
6188419688
8004991569
8008180218
8008160943
7926838396
8008164844
8003925206
8005631888
7453574527
8008113214
8008228422
7422883215
5265621241
7812973306
8008214405
7308289517
4094068890
8008277088
7926703047
8008196366
8008243281
7913795300
7559690904
4354309790
8008298219
5423277661
7330717095
8008338955
4468229320
8004624007
8008004549
8003644499
7646264411
3615809219
7116873689
8006173173
4640928161
4418423758
7899467866
8008373598
5646681280
4986082450
8008438632
8008166979
8008230170
4168458881
7994176692
7907869751
8003012351
4639059166
7065284535
8008469229
8008012976
5500443570
5677785991
7978209390
8008475272
8008422300
8007727294
7750942027
4749555334
7581004878
7995907340
8008487516
8008555439
8007871770
7585340751
5586010126
8008585002
7954561043
8003591203
8004576665
7020979298
8007669489
8008581956
7834264945
7554615042
7556128733
4784599280
8008369037
7007443521
8008658724
8008388839
8008645270
6174950554
7709827713
4340521677
8008287174
8008647757
8007445605
8008569226
7854480010
7407663359
7442308671
7965851916
8008699310
4287850463
3170425833
7772830210
8002906411
8003735870
7239986696
8008748858
8008783536
4369287741
8008738776
8008194162
7990301998
8008758073
8008756613
7907235655
8008039897
8008816149
7232685397
8008491594
8008796886
7240168564
8008784352
8008833798
8008768344
7834042405
5380661788
5035168924
8008785210
7645767209
8007224881
8008834005
8008886989
8008840388
7853501894
8003228640
3621801593
8008914691
4569281981
7946169736
8007727743
7480402758
8008926553
7773629913
7930868122
8008943700
7416151988
5518245373
8008947867
8008557519
8008990317
7983797385
7504037499
8008901507
8008938556
7930574324
8009002286
8008953155
7040108487
8009053987
8005592090
8004034792
8009020322
8007727510
8009051980
7676223184
7940927319
5481465421
7877229846
7248436457
7755217200
8008346002
7299292472
7918581276
7936117019
7470507068
7795259369
8008980024
4313903420
7999827429
2928967344
8008150406
4905270861
7915238991
7907881179
8009245448
4672032171
8009261675
8008735246
5578503836
7918232545
8009262213
7996004717
7803434343
7957356805
8009347329
4581561585
7193331681
8009377627
7098072820
8008255475
8005416136
7582319753
7987697425
7406763004
8009307461
8009359799
7645506148
5589297754
7902876036
3773643004
7939033610
8009549222
4768419104
8007714554
4604405943
7997806225
7683848950
7953814025
4278198458
7604245961
8009697625
7533682107
8008519790
7222864912
3187559890
5492796873
5567922458
7843582892
8009810209
7563341099
7225370914
7712858402
5480268264
5035004826
8009945956
8009613415
8010008141
8010047955
4259245651
8005372084
4928548512
8010129986
7848967037
8005472834
8010114368
5322343524
7891893769
8010252564
8010186323
5497861265
3459033833
4379208847
8010075240
8007075902
8010417596
8006695455
7643147714
8003767038
7118952160
8009208316
8010743239
7505651744
4194884720
7351397964
8010794229
8010808140
7716619550
8004671123
7765342090
8010936753
8010951426
8010981782
8008529145
7616592049
4482469996
7924696173
4090052691
5071622410
3688369519
7993045741
8011207289
3460900720
4213320550
8011199753
5561716665
8009111861
7995092661
7978218576
7978891716
7190669380
7988509330
5767707331
8011291693
7802015124
6231135807
4972227693
7872276929
8000508023
4033609758
8001346874
8011309161
8008618811
8009697012
4845114732
7171071423
8011371567
8007977642
7369825368
8011342677
8011441669
4775282172
6013031683
8009547591
8011463269
7776225544
6226862068
8007810272
8011110384
7853942373
7959193531
8011514919
8011530897
5744504648
8011464340
8011544621
8011527905
8011553262
5745378044
5777884652
7423472566
8003885755
7810660541
7970429548
8011582367
8011599135
8007339861
7345652789
8011579018
8007537349
8011624081
7987363842
4128769035
8011641380
8011619675
7564670207
7987839120
7987190131
5473584246
7949374658
8004506790
8007824742
8011618883
8009350892
7074262755
7853765048
4109508505
7843960066
7874769707
8011217637
3685299663
8006874882
7913453455
8011728576
4649691515
7976013802
7063958668
1237645
7409282625
8007891398
3849444700
8011830650
8011837413
8011842423
8011855212
7515685420
8011859026
8011853492
8011490538
8007412846
8011874463
8011843838
8003920077
7564327140
8003730885
8009319337
8011870988
8011673982
6134103570
8011926422
6094844402
3976728588
8004137362
4460823969
7774179357
8011895181
7953850713
7984213762
8011972109
8011826069
6109364211
7995247117
7669673505
7926219932
7907477710
7374380382
8012014365
8011926343
8012028820
4911916055
8004050579
4795367394
7871263754
34060443
7746945968
7873326309
7594949397
4217652459
8011844419
7301525870
3920187075
8012052049
8011823797
7560900738
7766818448
8008085464
7779946425
4721814485
8011978223
4189512265
8012115089
7236109144
4691446481
8009010688
7278948947
8012145689
8012059480
8012056495
7530318570
8012009303
6027625280
8012061058
7319043752
7918826722
7526676049
7510058679
7504609163
8012139640
8003020894
7458048232
3923412235
7561130435
8012036261
8012082036
8012172429
8012088234
7979501237
5595590527
8009014113
8012223902
8012217385
8012238688
4912997647
7726846101
8012242383
6087325042
8007744212
8012209543
8012260852
8012269764
8007459518
7920713568
7734865218
4354233036
4472789495
8012251975
8012281095
8012278956
8012251099
7046989181
5496748678
7871952213
8012328698
7271173030
8012214685
4909390129
7036177439
8012350733
7488450462
7611577237
8011975457
5513150510
8003599497
5560940448
8012426060
8009468991
7894908612
8004957684
8012215980
4876212544
8012300113
8012438793
7419584197
8012459701
7725974132
7849786078
4718660245
5695447692
8011747228
8012448920
7056750337
8012137572
7196255973
7424390667
8012514101
8012524315
8012304803
8011661532
8012508802
7461934154
8007964367
8012534532
6105388381
7889381455
7504662821
7840254977
8012572024
7999402735
7674897230
8012610951
6061640532
8012624493
7881671673
4174016961
4223584418
8008263986
4429329584
8012660410
8012629300
7934667916
8012584364
8011542431
8012658050
7509218543
8012616983
8000191716
7635060716
8012720718
8012706021
7888446744
7930514409
3477054350
8012744447
8000618568
8012596075
7574857531
8012129004
5617422255
8012821333
7704405961
7532392017
7033004809
5828183009
5584854851
6047638279
8012807823
8012851285
8012452297
8012855651
3796338973
4439181828
8012842342
7863472617
7864267308
8012209947
4615228834
8007970313
8012851114
8012655017
8008940839
7892653082
7974705574
8012887046
7875543652
8009434780
8012953188
7361862567
7929559298
7995439478
4957191199
7834232488
7772370478
7868734549
8008382329
8012995038
6113164456
8012775316
3726946817
8012300734
8012961205
4238068530
8013023287
4915331771
7987924598
5489490688
4544993849
7929487292
8012917559
6154921597
7670658655
7098518058
8013037408
8012803195
8009324719
2893041207
7505537296
8013172456
8012142072
8013172228
8012835767
4826005191
8007919676
4966510127
7411229382
8013140378
8010310589
8004382504
8011874135
7559341151
8012649072
8013266524
7419733282
7974386136
4041870993
8013359726
7355071244
7555366555
5659049735
8013373630
3513263146
8013446543
8011974643
8013578712
8013288946
8013582473
7991322750
7999262788
8013613668
8013628102
8013326981
7993888685
8007251705
7813039138
8013724493
8013298353
8013717530
5448315784
8013805961
8013908678
7503193870
8013940368
8013897065
8013889198
8013992685
7239623906
7669699077
8014056562
8014013428
8012944244
8014079255
4363203856
7525709661
8014293140
8014368226
4269014032
7325305999
8014464897
8014505697
7974068106
7907165254
7873080689
8014778960
8012801544
8014838906
7838763216
8011864428
5566540586
8014825796
4640800061
8012838755
8014994000
8014994522
8013231514
7881144701
8015004531
7586469814
3944757384
8007149058
3732834705
6005055351
2799226909
8000300627
7494997353
8015176126
8015189642
8004029778
8015247813
7855261682
7959038980
4734927411
8012437376
8015289616
7689189839
7876006278
3636146607
5486066627
8013840056
7035366565
8015430674
3917274419
3699249646
8015463492
7375558001
8015464147
7814757856
7683358119
8015477249
3722577577
4212999529
8004484869
8015514985
8011980068
8013875500
8013613395
8015204048
3365011996
7884301746
6039545935
8015572671
8015575838
7478825561
7778921776
8015408526
8015597108
8013578003
8011387278
7692480328
8015634696
7141599958
7612814680
8015640828
8012461852
4223059334
8015641919
8015664871
7347560878
7372053799
8011868522
7806940838
8011810862
8015359602
4321982322
8015519634
4379642652
8015390172
7863680317
7735086498
7894856539
8015755463
8015752264
4188160584
7678762005
7064735581
4307101428
4716235632
3991494795
5563712632
8015808976
8015726517
7843767116
8015271615
8015716378
7563089117
8015532160
7070688014
7641078838
7971640326
8015299889
7668913539
8015872043
7872117939
7811320215
7735275028
7253119333
7843936411
8015961892
8015973242
7482385477
8015994070
8015996525
6109740262
8004390932
5576954993
7633801088
7810604257
7738282456
8016037385
7669731942
8015589433
8015405693
8015958959
7924340892
7427542050
7978066631
8016048463
3984455372
8016128445
8016129958
3739114704
8011884881
5407705548
7532650950
5730616400
8015031821
7612740698
8016154824
8016183408
7697350943
7243386499
7977574411
6064591861
8016203808
4121953499
5569719437
8016238161
7266500775
7957571117
8016231831
8016107311
7055680081
8015548739
7103176583
8016257061
7890149672
4434552646
5196808676
8016295813
8008978312
8011368829
7877465651
6110301730
7347163091
8016159430
8003632337
5760042604
8016303733
8015809949
3038055840
7369162756
8013716808
7977923778
5672747214
8016348186
8016085334
8008479382
7407028058
7848681458
8016139329
3379643228
8014689247
7906945063
4117297317
8016481507
8013427611
8015636112
8016405184
7317921497
8016385897
8016456206
8016547338
3898699526
4129145325
4066128157
7558501444
5727252658
7563827309
8016507886
8016552992
5757051381
7989123658
7279624638
7939607008
8015596030
5786729482
7585513544
7967270510
8016614019
7491478357
7994355780
8016615418
7999455674
8007603384
7983361406
7772229555
8007804005
8016282577
7913376071
4765312178
4369260479
8016457937
7646124911
8012230498
8016692026
8016684043
8016245173
7453933700
3025304762
7363905772
8016706271
8016405188
7444337970
8016697936
8016502220
8015647453
8015934233
3413545462
7612636644
7942062273
8012942219
5053494418
8012340692
7734834203
8015771260
8016809510
2643855185
8016688631
7962555156
8016810254
8016883498
8016857036
4955679297
8016885234
8014116821
7913385369
8016499691
7379896473
8016567429
8016946517
5601912851
4897632071
7427547860
7751935313
7977530244
7962143565
7745988987
8016983493
7537629868
2743158938
8014734725
5695107418
8016993819
7375703737
7883106351
7674992170
7213313415
3432574909
6007043531
8012456444
7664764662
8016997697
5059739571
7801448119
7843974049
8016785633
7864198770
8016904580
8017106240
7371476092
7217818546
8016878813
3812473528
8017123141
8009156303
8017026299
7970933960
7864001680
8017170566
8017193992
8017153080
7771554382
3494368054
7816253756
7812598564
7089754028
5617043031
8017228054
8017237496
8017166962
7478264983
8017201034
7021139955
5393937833
8017248923
8016991322
8017300032
7999999494
5072629226
6085522150
8016939598
8017016383
8011345989
8017313100
7589407828
4014050096
8017358815
8016362891
7007851212
4850587291
7674488564
5591963385
5422426401
5082560028
8017332682
4417848456
8017376878
7793960407
8017419363
8017448509
3726150329
8017399097
4915533329
7899637356
8017306522
7901583849
7993808721
7817765179
7737207469
8016416537
7312703510
7918113095
4237809451
8015923291
5501465453
6191865975
8017118701
8014221180
8015878644
8017383805
7977888513
7903574805
8017288165
8017525997
8017472865
7276630861
7403825152
3973136052
7941775157
8017541804
5339242449
3734494643
7940546707
8017607847
2826633828
8017645979
8017402807
8007798085
8011916211
7507430059
8009565401
4087665700
8016409701
4782186055
8017781005
3919957408
7415642437
7979964073
8017868327
8017568173
7983208251
8016891576
7824704971
4044942600
7530866691
7224112429
8011873892
8017500950
8013032145
7142563302
8007586874
8016687441
3443581818
7619198809
8018069302
8013425658
7960381923
8018068828
7996388620
5577118894
8018178662
8017981151
8004627791
7262852274
8018215500
8015171019
7628616869
8018118903
7186297538
7613312828
5217615767
7805692047
8018424120
7994961810
4501325210
8012273450
5218182940
8018620005
8016877802
7051773928
7881259085
8018677152
7580847941
5845067409
5262083514
3782778170
6054515644
4862933317
8005324675
8012605616
8018979385
8016875773
5858720567
4521785789
8002809752
7078222222
8019329107
8003683970
8004046663
4058155924
8019307843
7912334375
7262224792
7894423589
7904933716
8012911524
8003811585
7964886521
7902561034
4143024678
8019463625
8019519983
3819780931
8019609086
4291183189
4752660734
8019677513
7974654341
8019635210
8019740963
8019278172
7651584314
3895606499
8008353894
4734257969
5716216557
8019835719
8019870613
2374164615
7207492603
5592318885
7898616110
8004377110
5530744382
7372530588
7312537382
7874872361
8019960271
7206305294
7521709739
5597913253
4689110391
8019936385
7912251226
8007986322
7961470261
5702727917
8019874499
7990658536
7880823111
5824167964
8016491577
8019920641
8017966092
8015861167
8018434769
8020105179
7613953068
8019682965
7413418519
8016164982
8016415482
8016709113
7549654372
5625401576
7651157701
8012181604
7926946512
8020213163
8020231231
8020236262
8017483095
4237410405
8020199381
7932147493
7011351666
8017879080
7776528549
8020267737
8020287358
8020253448
8020292925
7625013984
8020296917
8019911587
4723004043
5551293111
3228528755
5748196258
7175051720
8020343539
8016347812
8020145011
4355319036
4933317148
8020384672
7945505968
8013844969
7547048796
8020138345
7697343678
4155661434
8020386494
7978220592
8020380261
7842723275
4491337186
8016080131
6083425835
7419039873
8020468781
8019880646
8020451438
7479230144
8020466991
8020501185
7994647377
3945161009
8019947768
7987206819
8020442581
5059548256
8020559109
8016323053
8012619598
8017138486
8006448078
6091235595
8012663927
8016925273
8020534239
8020525304
8017581943
3127204038
8000826566
8020566868
6180434754
8020594645
8008682504
8020590300
8020510980
7978574317
4187847646
8020620230
8019682825
8020635273
4413904913
8020217654
8020487528
7612975332
8017381615
8017537328
3728223184
7872900491
7985077321
8020323295
7264306404
5312315675
3839691880
8020698523
8020252033
7582160127
7065816487
8009222802
5547132571
8016571324
7436108811
8019134762
8019366038
8020566165
8020720390
7995927480
8020639048
7966686423
8020761655
8020760343
8020572657
7351371385
8003216059
7702479877
8020776907
8016497713
6037570674
8020798856
7529416348
3811668287
8020625369
8020819281
7578934073
8012130848
4086811588
7235899784
3945189161
8020532982
4816774049
8020856763
7622410936
8020868690
7925166409
5393405548
8020796595
8006662302
8018123593
4424611099
7350738586
5152490561
7735128585
4948375580
8020921291
4872105587
8020776964
7903109145
8007475019
7236860096
2652508032
8011811433
8020223393
7425540583
8020940898
8017595901
8006065422
8019934581
8020355718
8020642749
8020978054
8020982506
8020909343
7897507690
8020888538
7232579628
5572190655
7271201489
8004811052
8007807301
8001882648
7651827193
8021031016
8020971065
8021026666
8021059444
8000102485
7069329892
8020885226
7959155641
8011666760
5263501591
8004075549
4771840040
7570621097
8020866764
7969851028
8006043111
8021061596
8020637270
8021123624
5657900178
8011971966
8021181224
8021196574
3706821309
8021011400
5028449469
8021205878
7404061199
8021210150
8021220724
4821797487
5768325433
7254212751
7505351433
5074019310
8021246493
8021265627
7954065421
8021116035
4181625947
6220318393
4287998771
7370641168
8021171135
8020758935
8021247998
4396378974
5766819287
8021261326
7302187846
8016420551
4852300837
8020574270
8016233121
7222635506
8021317976
7752590253
5664715369
8007516241
8021365782
7498058845
8009087953
7306347881
7172920174
7385459934
8021398499
7896329947
7877915676
8021281944
8021340823
8015902221
7584950939
7777652416
7022609591
8021426531
8021073218
7176175486
8020607130
8020740715
4879490471
8018740463
8021412161
7041881446
8021395341
8021286273
7587902016
8021372692
5239900375
7670678795
8020988872
8016418832
8008315841
8021537867
8021560071
8021397739
8021475786
5785669119
7416799681
8009359022
7817296940
3779312419
8019930411
8021170682
8021398572
7729052117
8021335277
7992853147
7962611776
8015598675
7734940126
4915263465
8021574757
8007598899
3936843064
7001688919
3331286924
3936907335
7770639684
8021679285
8021697518
8021721279
7887721678
8021227414
8016949352
7936104192
7871619705
7999848127
7776286479
8021521534
7103700657
7651332168
8021347269
7886916211
8021724373
5688463311
8019551584
7429333026
5778022995
8004574184
5437987095
8021167846
5046369920
7999214417
8021882222
3322441360
8020969218
8017361619
7397390994
8020849437
7351564552
7208416282
8021720070
7647294678
5458896929
6221064237
8021853665
8021921022
7818573460
7930506718
8021979989
7141581172
3703884356
8021990928
7161121342
4789538110
8022006884
3247297369
5314995429
6230236947
4945854401
3499911172
3326854074
4844889526
7728960772
7877662318
5832237838
8012993494
8020696484
4722525245
7969858928
8004124318
2721479466
8022113352
7231912600
8021550246
7161218127
5667685506
7355700061
7204518235
8022159772
8022037832
8013790180
7994579319
5055263079
8022196781
7999175725
3739092073
7419019130
8022052096
7898051731
7569604344
8022191666
8012414877
7698474541
7420935157
8016379779
8022142827
8022166769
8021327467
8007592236
8022266541
4644725320
8022035019
4363548793
7424871208
8022192966
4638432297
8016624845
8021503481
4027778685
7469596548
3788870142
8017500927
5585648578
8022347965
8022358242
7921047373
3910517711
8022389430
8022334608
8022394409
8016924955
8022384818
7954895290
8022429100
5860090575
7613886442
8022385368
8022455160
7160456574
3612592782
8022276747
8021665496
8022467069
8012425319
8016787779
8022463457
8022145773
8011560072
5514761518
8022480117
7983119282
8022495924
7906711185
7525903800
8022589123
8022435312
5525714935
7983243899
7996215261
8021867723
8017044621
7841193908
7717522052
4909026808
7480037862
8022696583
8022715974
8022659145
5541417627
8020643898
8020092360
8007507722
4903598723
3716929435
8022820215
7989271822
8022684598
8022815596
8022821032
5534545902
4343839754
8022870227
7262729266
8005529235
8022907832
4827933119
3724971714
8022608420
5304293654
8022959806
8022809928
7583262944
5637938052
4064053402
7918418091
7611882508
8022978017
7816780212
7783577988
8007893118
7960422462
7778717309
5731788205
6185389884
8023039071
7876111441
4761817031
8004247733
5630159447
7721826774
7837768822
8017268950
8023162341
8023172477
8022646406
7946985468
8023170229
8023200668
8023174039
3812138250
5692082406
8022567477
7560587213
8023236067
8012700307
8020959300
3806064771
8023073337
8023261078
7313516167
8018512767
8023430872
7794651401
8022928428
8023270295
8023452529
8007692259
7668866992
7864395590
7721951097
7104835285
8006269230
8004363135
7317179134
4202945246
8023428584
3094888335
8023331514
8023035008
8023423761
5595170755
7412925579
7877866770
8023310876
7022541852
7022312679
5029759453
7582308176
5292134493
7359336246
8023337431
8022659456
8023574226
7475215342
5385328549
7085728468
7982608613
8023297849
7226273665
3468730024
8023918527
8023870384
8005028625
5771511934
8004235761
5492126448
7948580815
8015977358
7773360872
3766955398
7972172155
5514685918
8024219503
8024177148
5200692414
4956210337
7985322815
5626120338
7211812177
7244469897
5686648736
5789165281
8024139744
8008378966
4894413633
8023884375
5750720283
7975877118
8024549783
7477938934
7410391750
8024694961
8022211631
5714305485
8024510146
3608753787
4475912384
4644802653
8025197275
7585562130
7950647723
7795781817
5265527642
8025243549
4817979780
6194933940
8008850167
7613402417
7966659407
5482059378
8021444224
8025577801
7140928578
7506496339
5702518796
8025661477
7818453669
7605716630
7688604832
8003284618
8025652354
8022208442
7258859323
5472523005
8025373225
8025600859
8025703270
8025708636
4835156356
7644330895
8025534244
7559640723
8025742017
4268980139
7477721765
7639590343
7386509093
8025763793
8023400452
8016101827
7137229024
7696715043
8021320942
8025887358
4679787491
7945114052
4241532063
6125883719
8023111641
8025567100
7701298051
4906988240
3839820301
7816809318
7747778850
7909455916
5366025756
8022171951
5585551060
8024327540
8025556794
8026057053
7855348131
7876282949
5666626394
8026073621
8026052099
4668671826
7999814481
7955957769
8025990023
8026045629
5124139621
8026093877
7961768278
8026144351
5570771542
8025960855
4396155018
5813967009
5437933121
8025045513
8026144833
4478097855
5504257036
7425366892
8026214808
8026233690
7900909747
7779343190
8024926152
8026156459
8026265691
8022084129
6096935818
7300567563
7988728659
7220666250
5848531940
7488505323
7872058311
8026104462
6123589236
4955034866
6189335587
8026343818
7203812828
7970443777
8021080470
4638490173
7978735649
3509614193
8026158717
8026203840
8026254522
8000327949
8026395740
6211662629
7669895770
7598796151
8026412780
6157119927
7979078113
1531593371
7208836888
4486048432
7810838306
8026410842
7849503437
5572923973
8026111160
7343147636
8026487960
7902713593
7982972590
4576034117
7016366706
8021436668
7074262750
8026523582
8026523461
8026483595
7728802043
7948930275
7308978818
7994523265
7834408820
7855082879
7766902070
8012169450
7770955022
8025683229
7564861363
6155368614
7984133180
8016350971
8012403006
7912567950
8021314595
7558014469
7412542230
8026382127
8026608108
8026595329
4846573042
8025754942
8026388772
7395020261
8017051497
5300865303
8026540243
8026665391
7904214008
8021052295
5099215462
8026434565
8017071135
8026581289
8026674447
8021374218
7003929076
6146711255
8008158370
8026340576
8026665772
8017022252
8021812359
8026492863
8026703583
7954649026
4369470129
7930975982
7919464218
8026689851
8026638756
8026725805
8026739404
5824552658
5299513539
4825921525
8026342742
7584567710
5814502009
8026753708
7850095112
7132559706
8016776771
8026643218
8001184645
8026824516
8026843992
5623098789
5397757197
4237443397
8026818048
8012628670
3301072862
8012810153
3303074122
8023631873
8026797729
7941431104
5833688647
7829533835
7375291855
8025936029
5469209169
4901523908
5525558098
8026758050
8026554358
5848528559
4434383847
5324874799
8026714344
8025642666
7994470529
8026982456
8026968538
6088055983
8025442400
8026985561
8026948639
8021045410
8027020042
7965315022
4679027897
4259678872
5262103800
5698864986
8008282225
8026936105
8023238428
8027055273
8027043192
8026891219
7772344811
8002160889
8027006621
6144256938
7658229880
7998063842
8026870823
2794907526
7864654081
8027058773
8026927012
7180536468
8025780958
8027098235
7200362367
8015831768
8027110718
7978356520
2499758884
7243329682
7275953452
7698883248
8027028603
7108964209
8027096241
7954271611
5542871556
8027068761
4241867507
7911988556
8026329545
8027176598
7415525490
7329288347
8024008491
8021928433
8001364852
5764552429
6222478075
8027180841
8027184276
7132289553
8027193244
5801245300
7906945286
7121924796
8026441557
8025562952
7735798845
8027122915
7665272944
7507234440
8026703165
6008311073
6184851557
7685602687
8027234817
7978552253
8027277388
8016619110
8017230892
4860473926
8027283222
8027199451
8027294946
5586481690
7900207995
8027265301
8027293449
4316605419
8027324948
7049772631
8027280715
8027308809
8027349421
8027327025
7369307676
8027345763
8027335853
4876382517
8027356873
8027368545
5265490234
7902606455
7731958736
5576794137
7735524895
7834503026
8021955861
8027388792
8027417054
7352786942
8009293320
8027404089
7994596709
7753417534
5742030375
8027356879
8027444006
8027411362
7403573847
7768084370
7958963237
8027445024
8005836930
8027475705
5315701456
5547004085
8027471533
7730409271
8027502212
8027181013
8027479486
8021113499
8027508358
8021158599
8027349947
7931876407
4990104366
8027529345
8027488567
8027506588
7625610487
3402289158
8026449696
8027567194
8026926422
3370232864
5449249245
8027590860
8027594186
5624668452
7774011296
7858986735
8027620746
5431508508
8027513441
7783823037
8023327583
8027451244
8027645291
2832648428
8027689627
8027661530
4837860790
6116570022
5773669993
7975330272
7987713734
7242976835
5319658169
8027628576
8027716321
4200441158
4944824648
8016029227
7203226842
7918517111
4310019543
8027359630
7977773687
4754872008
5543727986
8026966199
7894619485
8027841910
8016605876
8027568207
8027102706
4475311934
8027769866
8027842514
4567066668
8027722418
6232337686
8026500203
4510405427
8021907770
3831951597
8027922405
8027481825
8027740865
6038196315
8027144964
8027654564
4675195838
7506034175
8027904077
7872506272
7907599389
8027168126
7868735163
7979953637
8027750614
8021398228
7424458852
7935556461
8020157566
8027411820
8005510503
8026884929
8012524582
8016976457
8027735209
8027974679
8027429282
7263927958
8028075388
8003026958
7271079233
8028103122
8028115953
7924644010
7987404455
8027974028
8028132930
7008342935
8027970308
8027905617
7369493190
7968668272
7641075164
8021858797
8028176125
3664202738
8027293123
7484732759
7045649885
6185599098
8003768934
4318948815
4947672713
7898464431
8028262405
8028255431
3018976876
8028229169
4890427076
8017114310
7011273369
8016141187
7636793597
7569109354
5537605886
5794656974
8027976393
7997531336
8028333235
8026217811
6108097162
7839107582
8028374186
7212045858
8028392375
8027879953
7995534979
7773137932
5529632458
7413225937
8028251224
8028289027
8028407335
8026000014
8028493049
7317472706
7855656225
8028545650
4429804007
4189009820
8028532189
7042230987
8028566321
8028568551
8028023279
8028492633
8012952130
8015434350
8028596580
7673961862
8022724834
8026758936
7582723613
6147755215
7401530220
7852822087
8028677198
8028741371
8023344874
8026008108
8028744005
3908460733
8028653044
8020613877
7221245547
8028784108
8008763761
7860314730
8028803706
7857552482
1999534025
7881307773
4992924827
4589268624
7522935908
8028882875
7984949464
8028050082
8018057236
7074743826
4483208865
8027038714
4151408628
8027230056
8027899718
8028214135
7903903158
3435955657
8028999864
8028155634
8000490517
7538981018
8029150793
4852738673
5209708497
5776281376
8022619130
8029225450
3728254419
8029314972
8027717528
7129556811
5305048734
8029418247
8029430731
8029449725
8029401812
7984448250
8029472357
8029518013
8029503905
8014029513
8027371297
5782640658
4229365729
8029666285
8029751086
5196580219
8029799763
8004264692
8025704007
7107471544
5492075389
5866399060
8029192109
8012674499
8030135887
8030156198
4740134211
8010815820
8030312941
8023593749
4309337078
4962018175
8011486223
8030849189
7036219273
8029986319
5117568182
8030951799
3474731851
8026345124
8031062865
7847377242
8031120820
5748870370
5201278051
5365699402
6221247402
8028253443
3259803
8023060487
8031427625
8025559597
7913183371
7082675903
3615836032
6019503924
8031483818
5761106081
8031487301
8027122696
6185868320
8028496341
7681435900
8027950952
8031671307
8031677841
8028516489
3520598165
7963042006
7564535031
8031658623
8031747287
8031776504
7931720811
4479185464
5699329016
8031809083
8031837969
7278995582
7819251679
8031944615
4071825883
3902363797
8032003547
8032011357
7227889238
1077517877
7907482302
7227578631
7141616157
7795643016
8032093196
4788828680
4697089293
8032095601
4462321269
8032153830
7522752722
5085796433
5407727387
8028599262
8032212095
7813421284
8032289378
8032209206
7132711162
8028275120
8027048256
7132988573
8032400295
8032419437
5221723264
7065497587
8031886288
8031913381
8032328636
7668956946
5577347423
4915662570
8032193572
7475709315
4053007258
4717907218
7849410172
8032518937
7515308816
7270056215
3753237200
4542608541
8032517327
7987847759
8028260172
5625946126
8031793446
7968997043
8032441012
7614313474
8026598970
8032646529
8032645264
7929383655
8032651532
8031817290
8032650988
8019460321
7855744903
7126157165
8028343161
7625251028
8032649741
8032705606
8032663611
4959032204
7415906015
7975897098
8032712282
8003591365
7694494436
8026856726
7974467042
8032746570
5336702641
8032741850
4458140357
7873562086
8032800202
8032753861
5548234293
5268405285
8032779145
8025357952
8032752853
8017785392
8032817197
8020030897
8012353451
7918442662
8032871016
8032822866
8032863399
3272667404
8032824606
8032870449
4153282078
7963198990
7856216457
8032906145
7854104113
7532905392
7877733110
8032484081
5331251335
8032935766
8028247810
8032973837
4294183028
8032971670
8013389647
8032997187
8033012097
8012809610
8033030659
8032851565
7642515591
7833261680
8032968579
7539924338
7409130161
8017101146
5741747563
5588367118
8006985416
8031813622
8033141595
8033171828
5204747826
8033186962
8032783568
8033121846
8027356041
2309349172
7334420255
3655133027
5529854937
7720685547
8033280758
8028286704
8032218446
7497588578
8032804548
5325443587
8033348388
7820008726
8032905036
8033472329
8004801170
8033462892
8033508623
8023942617
7249531647
8030446565
4377172285
7142698401
7407454371
3952869448
8033458004
8033711707
8033756890
4911607230
8016156202
7990870853
8033885423
8031875866
7244477573
8034016440
7488676442
7910333143
8027275754
5554358023
7071682238
8005603660
5543009204
7867071502
4656079487
8034778815
5557345374
7609074527
8035038112
4321991223
8035290325
8035271781
7828419296
7962248032
8035474895
8033643177
1692489543
8035239967
8035542105
8035616846
8035648670
8035703769
8035655003
8035712441
8035555807
8033506842
7560017823
8007623782
8035771509
7960448633
8035785028
8035742981
8032953213
7514437106
8035812666
8035798345
7721658874
8015997576
5354505713
8035830632
8035825222
7770765344
5771046062
8035758355
7240371520
8032713514
5592463240
4426513828
8032409129
8035856368
4618073399
8035862458
4894258692
7643405505
4634346634
7655156794
7978276311
8035887038
8033275911
8035698998
4714662462
8035978249
8035981158
8035974497
8035978325
8026398933
8036018696
8035223979
7760001920
4821172595
7232348838
5425930025
8024034800
3418207068
7417829650
8035592686
8036052532
7626500341
5802527893
8036139279
8036088639
4613948389
8011139782
7729359387
8030261934
8036235714
7625643671
8036237705
8036256815
8036249437
8036283428
8012017038
8031887919
8036336661
5577387360
4980630585
5711030476
5726216512
7984130080
8015623904
5525593651
8036472582
8036474747
7594265185
8036234271
8036435422
4675775656
7675002504
5814885663
8036036697
7664917958
5824469836
7678923150
7585114460
8036595248
8036605780
7972637081
7966375140
5581510886
8036646559
7974747176
8036498511
8036687103
8026579910
4267800742
8036708185
8036724778
8031671138
3785512502
7396225799
7954739591
8036788915
7818337060
7953015019
8036529018
7848794041
8036869585
4756408092
7772037111
8036773287
7045324891
8032508999
8021453033
4869717097
7975506008
8036806452
7253449198
8036947823
8036955123
8036977591
8036974012
2816727073
8036983729
8036999649
8036636465
8036965409
8036583106
4665472697
5368085133
8025992992
8016728530
8037029213
8032757307
7889454163
8037072744
8037095517
7620951173
8036578056
8034044171
7788366724
5015121503
8035483123
8036838301
7955605649
7731709596
7012059376
8037191133
7729032275
4479146047
6066070817
8021358733
8037113574
8036346458
8037174086
7907997631
8021272038
6134972994
4912913376
7035145752
8027338031
7212514045
8037138880
8031857505
7754282620
7169300916
8037401655
8037383700
5223477101
8037504094
1512254
8037064591
8037607365
8035846213
8037632514
8037201854
8037620459
8037680672
7282721851
4213651748
8037308259
3827046917
7204974066
8037780368
8037737156
3874455118
5090758280
7284640207
4866329836
5570236973
7051785311
5295899561
8037939200
5669996489
8020883930
8037401300
8037984561
8038026211
8038077550
8037343787
4300218789
5582340181
8033827988
3949579023
5670910894
8038381385
8038394316
7694339210
8035872459
3618731252
8030091682
8006876353
8039194626
8039152336
7897380108
3233764516
8039153325
8039347451
8039341322
8039348883
7929917992
3660958209
7750316458
7721065313
5531442328
8039483548
8039481358
8039575419
8039592555
8039623630
8039616863
7513859250
7914102743
7794092030
8039708121
7122086369
7945386221
8039732728
7654665713
8037368553
4501068776
7794038085
4569144869
8036794288
8039728905
7298676895
8039753309
7990092244
5139616135
8039712621
8039753295
8039718562
7931357820
8039842254
4908421282
8039862676
5086966671
8039545799
8039889247
8039911010
8039909562
8039876538
5018326695
5697818933
7530687364
7641819647
8040019508
8039949963
7987408874
638683341
8040111699
8012668117
8040098918
5453189543
7754939976
7586741973
8040283302
8040300112
8022173873
8040248718
8040334165
8040323818
8028679698
7858034949
8040354333
8040360892
8040234775
4112578311
7533012381
8040275167
7771989087
8039822332
8039901329
7747214554
8040330915
7543505821
8040529353
8037865983
8036863552
7944770304
7432888710
7703399519
7871459492
7994719851
7818489575
8040555472
4249933078
8040553766
2964860088
7940269387
8023801628
7023079673
8011767815
8037046652
3703199680
8022391125
8040511800
8040708555
8040685499
7620043934
4090402927
8040713709
7855345061
8040777865
8040337456
7622282078
8040578573
8040831135
5500629822
7838456692
7494292014
5622859335
3672720592
1767770155
8040940828
7194002999
8040870269
7616780267
8040898825
7898156698
8015605462
5786326258
8040956341
8040907820
4955097016
8036651943
7753353559
8040687167
5318685806
8040871602
8041168190
8040388400
8041186079
5091383270
8033051323
8040889011
8041140385
7762678655
8004281506
8040193307
8041230188
7766865426
8041239242
3764443209
8006227852
8041271756
7604327494
7406709014
8041244127
7334069630
7532873304
8041227262
8039487849
7560368009
8041397080
8037514974
42561916
7216182694
8037296626
8041442889
8022005132
7712958895
8041537040
3698427042
7995590983
8041662651
8041526484
8041722990
5580611996
7975994319
5198146459
7914694268
8041813253
8041961931
7553321726
8042157900
8041272716
8041370354
6049430541
6220964207
8042457353
8042735839
3058333103
7908663799
8042313682
7311341140
4501165714
5339920359
7918542276
8030280425
4729727657
4150784469
7787316786
8041411426
8027728575
5375839079
7437119264
7340114611
8043405047
8043400491
5407579579
8043427980
8031604063
7772548464
8019401119
8043496346
8043505690
8043521094
8043516456
8027287834
8043501254
8043539774
8043072976
7504635263
8016359383
8036399640
4393379052
8041752667
8043609193
7896341932
8043626373
8039700445
7907027603
7113583116
8014655244
8043730944
3770207144
5307489946
8039637190
8043800352
7591193327
8043790876
4270578039
8041090539
8043784668
7667019311
8043883112
8016111086
8043903574
7739112473
8004832086
8020513149
8044009900
8044044089
7871489635
8043999990
8044084734
4798346965
5518308878
8039032946
8044051478
3666613571
8044176492
7850541923
8044212922
7564060430
8044307104
8044324494
7475282013
8027925888
7887000414
8044302602
8031955017
8044422116
7976399184
8044443426
8044418490
8044392729
8044442325
8044474315
8044022851
8016644659
8044407883
8044381498
8044410429
7851345539
8044516966
8044336712
7078995323
8044593047
4125711999
8044617730
8028799484
8044653767
8044635222
5154384790
5747977632
8027571542
8030327324
8044686401
8036988587
7993225041
8044735105
8044672491
7847661944
7569472642
8040736173
8044650851
7624299557
8044813348
5521568556
5029793177
8041878356
4392846915
8027910015
8020733677
8044782276
5293933754
8044885239
3954533313
7871485169
7766673677
8044953994
8036766646
8044968072
8044981533
7021248474
8044830555
8045010179
5594742197
4195701725
8004500592
7993411069
3318663039
8044607194
8045038487
7919034503
7863385502
8044787754
3898517053
5472472138
7937877335
7994008152
7459088914
7922410970
8029939417
8045128803
5239954664
5806557897
8044073457
4438828048
8044856884
7346419972
8045147358
8045181679
8045118506
8045197136
8005060312
6194090901
8045230961
4983281646
8024649307
8045260430
8045052639
8032416859
8045287265
8045321415
7047029331
7898404249
8045268900
7451247726
5512504312
4856797378
7372759653
6061424801
8037324157
7912797768
8045509851
8045665102
7893674052
8045719219
7699052306
8041526061
6152543692
4986020424
7950185782
8045386172
8038708920
8045867069
7042101752
8040911587
8021119254
8045936414
4940192061
8017344591
7584898372
4114846247
8046273648
8046259358
4893617236
8039882060
7988485522
7683886908
4886143201
8047217871
8047213957
8047409868
3208092672
8043501306
7641702775
8043659604
1494666740
8043411396
8047282548
8046914165
8047718453
8044000090
7202069792
7718730733
8047806851
8047827646
8047763553
8022753214
7784956401
8012204979
7022400939
7924844103
8047934903
5327494629
8035970239
7627927451
8048017424
8047771972
2937775790
8045584521
8047152349
8040889428
7263073175
7675216060
5777340592
7586236188
8048249939
3344634422
535095719
8048269622
7602556637
7862644376
8048387905
7768001007
7897933682
8041323092
8048353165
5866421204
8027010103
8048445028
8046906972
7142567196
5035725077
4338994411
8048507969
5602562005
8026843811
7849588940
7358259826
7921036025
7060273702
5661247656
4537410921
8048642845
8036522309
8048637459
8048680720
7875806366
8048700256
8048665096
7999997332
8022526171
8044655791
7583318593
8048694546
7962872539
8045197855
8048785125
8048574507
7406365222
8004386025
8044748752
8048781321
8024250846
7977054913
8048850504
8048838611
8047955769
7639558618
8048758520
8032906543
8048854312
7887394784
7211918141
7912583174
8012236619
8040753376
8048882266
8047791500
7280445986
8045033782
8048943895
8012967629
7943334813
3927162083
5091599396
8048397670
8048960261
8048974205
8004066242
7483238954
8048959663
8048987787
7931304603
4982954366
8048998417
8048994146
7894056622
8045292435
8045320110
4103232185
8041587538
8049013922
8048989843
8049054114
7137494037
7806597655
8049035492
7838983044
8048564035
8048950534
8048902960
8048945090
8007662884
7347368888
8048950418
7899345179
7721856456
8000610152
7849677104
7882510329
7887110413
8003774266
7920675581
8049301422
7471671654
4507165654
7843589660
8049331447
7924946766
5553427436
5324393772
4657247708
7578501678
7617039047
7999602421
8049428118
7863739347
7901851821
3590549650
5598827872
8049456820
7966538817
8040688808
7959667290
8048143714
8049501523
8049446265
8049230823
6084046312
8049491828
8049518055
8020470627
8049523200
8049536260
7987527659
8049512157
8049481289
3933695952
8049569558
8049561578
8049594849
5611857027
8049586584
7699827259
8049028624
8049618901
4388141054
8049610226
8049469440
6176291488
8049614305
7457677751
8049465615
4342552933
7924319519
8049215419
7618653280
7969366223
8049744409
7509329308
7205127128
8041225288
7612878246
7920277264
7427591832
7343348687
4189233915
7997177428
7908920576
4207782584
8049806254
3125810367
7491667272
7892927426
7366072549
7954480589
8049882769
7457543629
8049413992
7979565433
6071011140
8049930703
5089646590
8049990400
8027699703
7429538049
8049947509
7737629780
7842609306
7088867143
7483438009
8050037483
7204177791
8050077366
8049964809
5547740912
8050075711
7808776416
8049249553
7613324832
8050114726
8049797239
8050143567
7170693538
7920113745
5320664941
7882365315
8050139635
7050905818
7854471755
2938772521
8050088610
8050229053
5091230217
8008932882
4082315202
7553135280
8037460085
8049900069
8050278903
7843213377
8045044275
7617237970
3145429149
8050444898
6072564553
8011823998
7475160920
8049671209
8050258460
7235388047
7510568867
8050596311
6096824719
4206786843
7736193155
6221687548
7871585755
8050574443
5598604830
8007605492
5447329360
7420232557
8050719944
8004141235
8050523334
8050834753
8050853193
8033097329
4282907659
8024898341
8012359193
8050912145
8016441068
3666912815
7903571542
2938869216
8050883470
8051026765
7881109953
8049173090
5646141715
8051153987
8051122996
6031277375
8009472626
8051141238
8037230934
7016415407
7229784690
7961858130
8017678046
8049920724
8004014828
8020548803
7960841470
8043480676
8051551278
8051597474
7661065820
8045161904
8051602459
8027587227
8016182641
8049102965
8003388205
7232406464
7595301585
8051788111
7527990805
8049950936
8048537186
7566236134
8051862602
8049475998
8051915352
8051757093
7729050157
7629294028
7341898782
8051947111
7945333361
3793944834
3370680975
7141241936
4795626688
8049532369
8051980431
4787927750
3901817504
7346591400
8019812129
8004491334
5756120614
8052067139
8051952706
4923984937
2886480242
4277739450
8052104123
8051949007
8052132566
8052103516
8025937956
8049062714
8052165429
8052141425
8048023484
8051916535
4357191475
8025927811
7609354364
8052194910
8049466605
8049680913
4782125474
8049463095
4400497537
8044589790
3444642296
8049855615
7881564155
7631698723
5074575664
7954653232
8052290753
7509809831
7939240598
7982557465
7880418678
8037064740
8048476938
4873729502
7595086260
8052396391
8052398967
8052367767
8044623162
8052407900
7829655028
8052435064
7893401658
7375422164
8020157550
5301523921
8052448063
8050189254
7611482515
7923761215
7257608045
8041218044
8052471954
8049846801
7848226245
7488455790
3852278275
7889663171
8052524447
7107279521
8052366247
8030661844
7277970028
8040451551
2431744848
8052444061
8052606416
8052341926
5635833180
8052586856
8052657454
7177266805
8052657257
7876194315
6016291018
8052702128
8051708527
7142072566
5307503616
7970804060
8044796678
8028111129
7660637908
8052775530
5600646973
8052606997
7239695176
8019722842
7966720837
8011913329
8020157184
7889007705
7772661172
7735914531
8012832582
8016356847
7841142200
7930603098
8052725809
5842558463
8040485332
8050703216
8048529515
8052801238
4962973523
7312664230
8052877821
4638109878
7327074213
7304260270
7828437963
8050677769
8052912261
8044727007
8052932480
8052780737
4435128226
7640470210
4181640381
8020556432
8048937796
8052925955
8052911395
5419273533
5493805224
7992641784
7416391673
8053013948
8052019518
7913443234
7694745696
8052413919
7556413007
7975888995
8052726658
8052786616
8026257107
8053056205
7929867887
8025580175
8052977663
8053078105
7993440343
6187939152
7421008035
8053018842
8053094394
6199646097
8052995021
8015485149
6024902858
8016265124
8027043233
7673653067
4387739330
8053136041
8053136233
8011836040
8053171999
8043610433
6038067651
8052652612
5397943871
7640438666
7983832179
8052736673
8052336968
8053224902
8052848362
4641637431
8053215490
8053225040
7932193347
8053116855
8053237642
7215798992
8053250060
7721438087
8053235569
8053128522
8053026868
8049050613
8053162158
7498437138
8052537799
7448599114
8053261628
7511758980
7456217602
8053125469
8052657115
8053269317
8053109378
8052997614
7914723110
7449240846
7790097768
8048687179
8052994342
8052658970
8053181527
8053317551
4147590100
8052969196
7371721241
7919392190
5286054179
8053266221
4775301055
8022097422
7054874092
8050076517
8051119167
8053332723
4905087266
6152036094
8012368390
8053374891
7312207968
7221633523
8053317684
8027381376
7879094985
8053430543
8053409493
8053412290
8053386015
7512351129
7869057079
7607815929
8053008943
8053373869
7999655583
8053146619
3680353184
8053074648
4897955583
8053494409
8053263436
7834844091
8053420671
7717544652
7514392976
8053571917
8053508601
8053585131
3996249660
8053596145
8053451309
7998594966
8053493431
5200275828
8052598357
4127915628
7767344113
7028107774
8053562020
8053638227
8053412184
8052336679
7998958286
4986794789
8053689749
7847482099
6053118750
5590180878
8053701026
8053670083
8051921919
5539974838
7195351679
7925583675
3811627836
7235774823
8026843799
8053784432
5506326457
4046743899
3860303002
5361569062
8053770558
4270970911
8053763991
8049483751
8052923621
8053772159
8021076567
6037844988
8053842476
8021518516
8053099051
8053725351
7903361746
7080308140
5193504266
7807056359
7950303615
8053557859
8053846651
5764268017
7612387676
8053740777
7877343425
3703535062
8053878344
8053729551
8053896172
3890656700
8053856840
4068319420
4274707651
7434117912
7668347961
8048685730
5077589417
8053918294
8053805443
8053949979
4128713409
7396231566
3824493748
8048521014
8053927755
7458377327
4782078351
8053888444
8054003524
8054001298
7735182353
8054012432
8047780842
4162101783
7924573130
7559579560
8047870019
8048904118
5252375774
8053737368
6002319683
2810963227
8027532447
7369631548
8036701277
7996929559
8054067260
7202986202
4937967945
7511165783
8049767825
8054091826
8054087825
8053846569
4840704806
8054004163
7877703317
7994501424
7582935202
8054113231
8054176299
3728881022
7407107089
7180341228
7976457023
8053198381
8054195655
7901922678
7419383036
8054225024
8053738400
7968206856
7969560315
8054301412
8054276364
7704400622
8019479430
8044503590
8041410132
8053707282
8052818281
8054318512
4287500113
8053065877
7313559571
3127858635
8049347430
4497309959
7906213167
8049110754
8054304605
3024520552
8021126180
5419180641
4764958936
5047593598
7216596500
3695416087
7203752117
4676634198
8054323897
8054502099
8024034550
7642880969
4304919808
8054239405
5148663649
8051563601
5625894101
4077014716
7141833594
8003919883
7200450456
8017789303
4738144530
7903428326
8054546863
5009197946
7313141590
8054638653
8053491824
8051834552
8054598051
6064085179
7427802074
8054622590
8007842465
8040284534
4928054193
8013107561
8004755446
8054468515
8054723054
7602631828
8054743762
8053250986
8053860753
8054011291
2333932460
5833444009
7546227596
7358784660
8054750690
8054552672
6113302441
5072699339
8054297605
7683209406
8054814327
4901654396
8027175068
6038133309
4114892589
8054843650
7700492277
5649214150
8054311732
8054680755
8054909798
4672265394
8054889874
8054850033
8054760683
7259156036
5391952580
8025780714
8054988136
7730663305
5444590753
8054876399
8054711938
2970256572
8052654307
8054997055
8052789043
8055017170
8054377441
7982822005
4870079523
8054832591
7511509645
5550507860
8055076513
8054831690
7031435704
7360135814
8017145990
7539321391
8055104470
8055093698
7509462515
8054962500
7266834716
8049074851
4880160373
8054321049
7834848476
7771260685
8052819494
8053049212
7858992359
4883834372
8055185467
8055192240
8053555013
7143729710
5092060972
8055240961
5334101651
4675138692
7575571817
8055297343
8054855416
8055193336
4749459656
8054873423
5311634603
8053519860
8054888757
7409292030
8055275397
7519278115
8055331885
8054971910
3731715928
8055404813
8022194573
8055320942
3021093133
7187604270
8055372653
7967793773
4515831984
5451053985
7135543090
8008255718
8055360076
8055500588
8055456555
8055501276
6016745720
8055309321
6226980052
8055496505
8054677926
4454905922
8055546641
7369361366
8053594224
7954908927
4890146656
8055573596
5437399904
8054749959
8055631179
8055463524
4605411742
7052390580
4341466703
5515316620
8055622208
8054072881
4550845256
5171505923
8055443142
8055761344
8055754080
8055741238
5765261382
8053925959
8055803956
8055732987
7792101216
5679717744
5623495614
8025408580
8055915341
3104521440
8048427860
8055876430
8055837340
8055913420
4694024284
8054010937
8020322115
3480067601
7356067460
8025916728
8048848916
4096107389
5789361774
7078779989
8049745785
7884222580
7283770552
8056175087
8049626632
7968760908
7968805046
8056333335
8055959486
8056261248
8056379744
8056219807
7803122338
7304631646
8056011010
3405132839
4712248852
7956103614
8040926749
8056498126
7510049298
8056564491
5399318972
7473255483
8056625703
8055759092
5055403490
8056567533
8056664247
8056462222
8056770715
7146757228
8042510789
4260226503
8049113583
3500339222
7964906568
6219854893
7406981874
4179881278
8057289948
4113171494
8057177339
8057375721
7702760581
8057398313
8057434369
8053576144
8053863112
8057595640
8039735771
8051962554
8057554800
7818758632
8057713797
8003608996
7874749671
8011383007
4305584643
7989565745
8053997675
8057764277
8052847954
7077383231
8055793422
3776643818
3994904151
8019864539
4965934614
7883465017
8057849532
8055851751
4905215374
7918160160
8055857728
7955416668
8057954261
8052987881
7824164070
8057954732
8058044911
8058012222
4973777008
5861062710
8052536789
4299309041
2929093378
7641497544
5014643184
8058056617
8052709131
7944216103
6220051481
4603057561
5695096380
8058123794
8054016987
7931155407
4248998933
8051451999
8057989137
8051598677
5597847330
4829204998
7849818307
8055084162
4940188245
8027146839
5268821021
7868512785
8052091794
7584784815
8053651919
7111935800
8054938202
8058192700
8053258282
5462450656
5152335092
7407755071
8058354892
8057904376
7864946101
58081339
638177332
8058440983
8052184379
4053784864
8053850225
8058403231
8053134233
8058424365
8058537407
7103551110
5307221160
7213223493
7622803740
7275680242
6120414316
8058399593
8058565735
7539423776
8058237739
6037019104
7622802045
8053901028
7425686256
8058604125
5353464674
8058143117
8055699764
7410797436
8058655201
8026030794
5134737623
4855583613
8058313872
8057771237
7703287986
7993103662
8058236593
5077708277
8058706842
8058527290
4878320857
7718707976
8058726034
8023600204
8058752014
8003329362
7483978978
5836009879
8058759185
8054678632
8055322069
8058779006
8058594859
6220370233
3582981930
8058726188
5212234907
7506454270
8058045335
4772941371
8058826960
8052290035
8058788273
8058340041
8058846492
8058833822
8058806203
3879945298
7368610169
8058853278
8017843693
7505077926
8058765235
4822289164
8058770379
8058009496
8058787311
8054786628
8050303244
7899606764
8058922749
8058913821
4275394488
8058811488
8058848832
8058947334
3601427919
5653139615
5864430947
5653702911
4784145110
7554871126
8058857647
7557798799
7161410420
8048894426
8058930264
8058954592
5525734964
8058763799
8059046279
8001001100
8053660128
8059053980
8058908059
7530251820
7690570028
8040099527
8059108028
8053737641
6069114099
8059109766
7559548087
7612758317
3288635475
8059154484
8059146527
8053569423
8053478767
8059149367
8058807830
7888251958
7906973279
8059211730
7742324172
7974799510
8059267897
8059249259
4683723665
8059177806
8007579651
8058275692
7977758291
7401601948
8055234554
7694181840
8008499941
8059216958
7601706341
8059291491
4196615455
7249561194
8055989400
8004617181
8041707254
7982948908
8059295378
8009166602
4472741232
5570425598
7930334038
8059364235
7501807546
8059379780
8058546369
8045294012
8053834666
8059404635
8059343582
8049750910
8058666955
8058729142
8059427642
8051884469
7811735527
7877068168
8044693362
7950980648
8059429331
8059477751
7886163530
8052562648
8054254218
4618763586
5407335409
8059405682
8059474019
5001520481
8059510527
8059450293
8058739836
8059394457
8059264095
4081340400
8059516175
7259158269
8059565448
8059527309
2603458870
8054489547
7428902117
8059580368
8059610445
8020718495
8059616433
5626683082
8059610078
8059473544
4354616995
8059623858
4612148823
7424144769
6047619684
4837884408
7849156072
8040149906
8053669728
8059612829
8059441241
5145437880
8027701699
8053412338
8059699098
8059677858
8049245616
8059681352
8059513416
7646817941
8059713560
8059694296
8015980955
8021479558
7982268534
8058919351
8058229387
8059684164
3710397560
4852509686
8059686147
8059761567
8059772953
8059709169
8059037874
4202797701
7978049799
8059736395
8059622499
8059795068
8059788538
8059603758
5566266304
8059793185
8053400081
8059627787
7875690850
4876810796
8053447680
5625783649
8059826362
8059856403
8058543640
8059831032
7948083793
4841560755
8059862243
7533203510
7576306402
8053660666
7415644592
4932033024
5694622461
7698728201
5777201569
8059555322
8059798768
8059919033
8059943448
8059932253
8059931675
8026007574
8059945854
5057070160
8055739888
8059969733
7960926850
8059830055
8055841284
8059987457
7960409889
7943979891
7839525612
8059306211
7959621036
8060008143
8059884232
8060004542
7589139557
8060023871
8059823642
7129563858
3677685217
8060059202
8060080904
4907951160
8059599403
7897259525
7873952219
7607985371
4390250517
5389115761
7233354519
7397450598
5577620673
7172184243
5489121627
7351202325
7352269864
4297196440
7041657862
5212343602
7314130082
8052261524
4203358404
8060065384
8059998884
7934199584
5392459245
8057874247
8060187465
7204798921
8059166007
7947501402
8060228641
8060045054
4721716309
7433634082
8060194157
8059658292
8059865521
7030035882
8055855358
7961060344
8056483165
7107589266
8060262319
4238473645
8060261477
8060325418
8060238769
8060253010
7893396344
3920456485
7281042072
7939751231
7919611994
8060257422
8060353719
5789133247
8060339911
7987679221
8028395811
8059892764
8060272539
7445293170
8060031802
8020858126
5100579900
8060434151
8060031431
8060429802
7907068729
8058907129
8060440721
7847503418
7735979171
8060275352
7760713432
8060407607
4859025521
4801658837
8060140971
8060285156
7968334401
8060536937
8060538912
7182795350
7881424154
8060541764
7700097702
8060566898
8060554217
8027716313
8060526064
8059295645
8059845661
8060610179
8060600099
8058363431
8055811854
8060254466
8060503467
7249995555
8040884480
8058907002
8060070856
8060649722
8060654014
5058441383
7003024297
8060668963
8060561943
8060659566
7194825863
7747868348
8053915730
8003683159
8060461186
8060714382
8033120528
8031820628
7354957156
8060711934
8060772409
8060712653
8060261788
7625949877
7629612021
7865215530
5774638352
8060753290
4188474760
8060814738
5082247588
2764898896
8060824738
8043685745
6031158479
8059807146
8060824298
7403741138
8060882180
6053664028
8060936026
2832667922
7590902772
4923888422
5696764310
7975655589
7676742113
4745220430
8059526718
7886044439
8061008807
8061066510
5743781556
8061025141
7446212510
7472601653
8061035587
7687725424
8060937714
8060899032
8060498984
8060583741
8060537089
7083781294
8061074899
8055254661
7726462478
8061215992
8061155475
5822959580
8061134143
8061257382
8061246582
8003687145
8060617524
7274837315
4280727172
8060133173
8049290221
8060104463
8059765930
8059882205
2884930726
7231000181
5350317861
8021045751
7794264268
7833119925
7855022193
8060053016
4229423146
8061193913
8061421451
3783151942
5566466421
8059771735
7208289169
8061568676
7605375238
7855832150
7949509224
3712418903
7640451077
8061767810
8058578305
8012003575
8060630022
8061928584
7239778589
7271587758
8059168847
7076906150
8060074364
8014496989
8062070698
8058419933
4705411095
6130141740
5176039127
8062291410
8062490145
8062386219
8058846351
7927544299
4384346425
8060958478
8053206529
8062921256
8051401280
8063070814
8063070296
5009043494
8061305929
5564522808
8063669208
8062117155
8061583107
8063815921
8063912343
8040579240
8063977106
8011847966
8063984044
8062112044
8047609047
8064082249
8064045020
7894747027
5029899242
3521711582
5546184393
8064185595
8064170285
7483729675
8064207827
4943246453
8064177563
8064216479
8064234610
8058930474
8007745969
8064264130
7008929658
4775837975
8064252408
8064294289
8064251470
8041702658
4042077730
7407749176
8064226121
8040014685
8064369191
7968001387
7729589328
8064511301
8064477571
8064581172
8061307274
5645520390
4882356752
8064605312
8035557600
8044928562
7229507938
4253679303
8064129310
5157749518
4228730356
8064741966
8064774487
8060309239
8044872651
1160162910
8060836231
7061773120
8064260928
8060501480
8060949635
7661760389
7215368835
8060643139
7248487966
7881811706
8064876766
8007265909
8064930209
3532067876
7375618948
8059588937
4569453787
8064980902
6193738128
6087902210
8055188799
4980400870
8064975444
8059723084
8065053561
8065072143
8065066119
7660389531
8064007681
7889577426
8015069915
8058478545
8040947424
7881958695
8065154356
7640237596
7894630864
6109592706
7469606719
8065180088
7988637118
8065203878
8065165150
8064084966
7606253190
8036514825
8065112188
8064102693
8064878703
8065230887
8065241865
8022034102
8052947681
8065105539
8060217263
8065192277
7666067458
8012341858
8065354830
7713518972
7617186331
8065351982
8065350439
7198767119
7673978045
8065419895
7925947745
5859733788
8065397842
8065479911
7496883914
8060336671
8065302511
5748010567
5138156726
7278978884
5124541611
7668978165
5593186656
4343041338
7240262002
8059931900
7598461954
7951304861
8060899412
8065569543
5567120317
8065524614
8065301634
7978310801
8061021411
8065601063
8056022403
8065583187
7611761374
8060404565
8059094404
8058533236
8065644702
5389844511
2346319056
7288872332
5362566185
8062007381
7938280760
7776968402
8065836351
8065856771
8065832240
8061884680
8065690677
8059923899
7553389328
8059691174
8065098322
7511230226
8055146309
8046928210
8066039287
8057049696
7923899933
7879372012
8066023887
4206875051
4151163449
8066159246
8065719008
4318660292
3744282459
7920664097
7666598981
8066369373
8066398332
8066319964
8066356352
8066324032
3382593499
8066320427
7442588131
8066571278
5079776995
6110911169
8062587001
8067014344
8067067108
7935637241
6160955942
8060959823
5207349779
8067300844
4357334589
8067447321
7266534086
7240929911
3810179837
8067223804
7480030452
8066052799
8067765104
7613797610
8064412324
5698472791
8067875537
8067877153
8060185226
7847532254
8067880382
8067422651
7919349410
8067943338
8067978762
8067983984
8032668020
7591770799
8068001185
8068011293
7855255909
8068031816
8065303155
8068025839
8067972380
7731382999
8068071767
8068077649
8068097639
4734637001
8068094193
8068085654
8068010401
8068188274
8068197784
7465356144
7718716346
3638588708
6136761949
8068371308
4188202547
7994692571
8065931976
8068417643
7600883389
8023170564
8068476628
8068455467
7241333083
8068469148
8068485734
3888886333
8068510446
8068533608
8068533327
4771731677
7849590014
7583103539
8068618913
8065737817
7897645512
8068647230
8068389536
7549330264
8068689823
7690492632
8068433919
7766962887
8052105039
8068587715
8017170512
7161107293
8064935044
7730269424
4855479801
7637251250
8061255306
8068826215
8066461478
8068858514
8067960746
8068864471
8068843319
4112280268
8067946141
8065584030
8067415535
8048724721
4223634084
8064111039
4397099555
7789579307
8068969577
8068543240
8068957580
7837796138
8069016218
8044294690
8068030620
8069024700
8060849065
7847887086
7510869956
7608337482
8052925068
5053836384
8059971327
7223622740
8051955233
8011829695
6206436667
7982790571
8052445563
8069162813
7814219784
8069135021
8054813450
3974485093
7570043162
7235161906
8055938129
8068747383
8058829152
8012554793
8069235688
8060037000
8069252387
8069080697
8059271697
8069261928
4321386990
8069307282
7579146780
5545151023
8069306812
8069317879
4837273908
7093360750
8069258805
8012950770
4915013972
8069339069
8049956916
8068837116
7694130638
8069350236
3966730570
8069197429
7619399573
8069457016
8069414018
7328202625
8069479189
4642418586
8069541505
8067962279
8069233497
8069538072
8069574503
8069599219
8069600380
5239679927
7926736160
8069651753
8066120715
7627279753
8055507898
5174819922
8069676094
5509702677
8036541880
8069764177
8045679786
3800021795
5522242989
8069775230
7036050172
7142920436
8069382301
6217273539
7796605170
8052128116
8061414821
8069907352
4858289352
7632710479
8069935832
6043804789
8040505313
7870976807
5207905377
8070035741
8054576480
7228761848
4042862487
8069672934
8070251579
7398975487
7429040643
4853589935
8070491600
8070586286
7838685291
7584999162
8039236527
3463862445
8065088446
5745181030
8059384491
8070840347
8063667793
8058940074
8071028969
8061067826
8071171327
8067833885
7541847630
5543835754
7622173515
8071258487
8063233136
5525816992
8069857804
5580023374
8036220080
8068770873
8067877425
8068215349
8071256730
7539903221
3351626606
8064240629
8071527920
4928013615
4780476143
8055327385
8071509573
8071369688
7254160316
8071556552
4741166809
8071618714
7457676811
8071602246
8071625177
8068845291
8071619274
7118715774
8044613730
8068292802
7626191511
7699075059
5594956623
8069470160
7912075881
4042848193
3655247002
6154328755
8071692200
8022349920
8071864712
8071866920
8071890647
7789610852
8071848157
8071704581
7988754993
5039249373
8071808535
7231278276
8067463214
8072027922
7959855513
8072001232
7355115315
8071967261
8020064572
8072046088
8072085535
8072011304
8072062572
3444770521
7965484628
8071989237
7554695086
8071678860
7670926496
8072197836
8072225039
8072224616
8072255245
8058243975
4158696936
8072252955
5865214746
7699240224
4490723887
8026546676
8058933392
8061524720
7226605008
8068002389
8072352073
8072407341
8072390968
8072401569
8072440273
4086930793
7876945391
7552794136
7848616833
8072474652
8041125010
8072462176
8060214553
8072442246
8072549137
8067964868
8048960074
7551137745
8072570920
7673401527
8069522322
8068419756
8058863554
8072399767
8072568329
7940235219
7833191132
3902452206
8072623215
5649794724
5726546818
8072671526
5806681049
7869390957
8072648241
8072735015
8072737016
8051770319
7222716733
8072750307
7970294159
7994521737
8052836482
7683479591
5422705741
5482093740
8072728012
3577758701
7089006180
7830466428
7226942596
8069712478
8072548560
7162443505
7475983200
5572639535
8072873880
8072904940
8059014731
8050453072
8069393198
8072958174
3173724752
8072943004
8069090071
8011756472
7190654125
8065316308
8072969632
4014986029
8072990555
8072767364
7925048199
4372025235
5114066459
8007083830
6126101104
8012496374
3773166643
8073076819
7538484012
7863840779
8073096221
3426790893
4922646635
8073133737
4699961543
8072623239
4400935581
8068963411
8071765722
5619829637
8073211428
7668879391
8073180173
3510102486
8073193443
6138509045
7889265323
7868971402
8040242320
7939756032
4435262839
8072852754
7932875570
7213594267
8073128977
4151099515
7819819423
4414915338
7283294707
5319862410
8069247964
8073646318
8069645693
8059750507
4573361062
8073724813
7112452528
8068556342
7834188474
8073889898
7776902467
7726285318
8046162415
6107416143
7510066063
8074001957
5855381751
8074139984
8073518561
8074168248
8073974395
7564539416
8074510450
8074529520
8072828116
8009984022
8074663361
7546460317
8075007823
8075143077
8072503134
5035297328
8072830464
8075360249
8074741236
8075400819
8075183171
7665372037
5576650798
8074833534
8049777550
8073310514
5050105293
8075437827
7772529208
8075483318
8071978186
7211885575
7612859418
7973694142
8075549341
8075520901
2794364775
7138735246
8075629497
7636901806
8075651987
7543337259
4434333868
8075709684
8054139627
4612750173
8075719383
8073681880
7978470780
8073986699
8075807808
8075819688
3878969624
7470985029
7505553117
8044861773
7979916626
8075842183
8072848567
3722695447
8072566056
8076109132
8037911857
7482841181
8076126791
7779159027
8076176029
8076184549
8076199929
8076194151
5698110507
5060380007
8003347222
7481061662
8076212624
7773561896
8076286326
7484030605
8076259437
8076341826
8065187220
5642638483
7613973464
7564347214
8076143386
8076440060
8076450941
8072447761
8076395558
6039181082
7948072461
8028841998
8033803006
8072088703
8052052178
8076497093
8076519767
8059242657
8076109108
5500149647
8076549797
8076544969
8071621328
8076561363
7945068249
8075470466
7993232259
8076528843
8076613582
8076384938
8056326933
8073225550
7602015020
8037075086
8076660601
8076630470
7552790515
8076482787
8076559156
4465522613
7552819008
8076770512
8076748223
8044299240
8027638330
8076773763
8076535216
8076778895
8076802494
8076779053
8064723639
8020700037
8016031034
8076841037
7893925217
7881183667
8076854882
8008975591
7893443753
8008848400
8076593086
8076873367
7526511350
3837441256
8069033015
7742014517
8076943572
5241796432
8011376454
7783723087
7253668596
8076992967
5725768352
8077023300
8053187212
8054149001
8072916219
8077023506
8072571445
8077083602
8077052622
7516191443
7810467422
7842339663
8023401133
7054360757
8053218005
8077114754
8072764168
8076477068
8076699350
8077147048
5848235087
3446349364
7175377213
8077256373
5806533475
4870068555
7534677027
8077302202
8075626558
8077118770
5422737853
8077263178
5346312868
8044676787
8077643140
7288914642
7274893045
8077641849
8077711003
8076971538
5738954226
8000789198
7260098818
7524896601
4764267011
4195000662
8066561389
5390606737
8077926368
8077144372
3803859057
8059747497
8078078882
5536802083
7500661614
7935180637
4058232578
8078688098
7894300437
8063942540
7677767882
7581636349
4782238773
8073092998
8079125349
8079179275
8079213637
8079226041
7630197019
8075424708
8079477404
4288445423
8079354867
8079512470
8079519583
8076021436
2909961063
4771853321
8079567524
8074931785
8079580214
8079591122
8059190972
3573982365
8074873417
7801640419
4291569630
8079616344
4937985924
8079624344
8077042137
8079628775
7988392397
3079399689
4131317967
6111373340
4050051255
8007359567
8079761527
8076844756
8079710375
8075829192
7549895178
8079823656
8079861861
7428062068
8079941404
7809110852
8068582360
7642493714
3998394055
7848902828
7613643893
8072689358
8060005038
4773060859
8080102453
7998831226
7389789771
7767262254
4953527107
8080332532
8080296366
8073213512
8080327601
8080243560
8025993631
8072602151
8080289864
8080397747
8072949849
8080372584
7559235169
4327439150
8080352217
4853279142
7641707188
8080486803
4879905267
8080449019
5291911584
8068981513
8013063441
8076194013
8011739591
8053913089
7854284850
4812029706
8080606219
8080415224
3244693799
7531172617
4494379672
8080550521
8080518790
5504471024
5059146021
7163903965
7628999973
4972699911
8080710693
8068832806
8044481913
8080683311
4882370272
8080184348
8059419792
8080673253
7124656152
8080699701
8080706746
7397443678
8073138396
8080807000
8080676916
7683745501
8080699551
7472319242
8080875777
8080877608
7948270148
8020973685
8011842686
8080883542
8080721783
8075567061
34932066
5421598127
8080956096
8080751309
8080935789
8080937669
7668832333
8080632960
8080825016
5678181373
8080372244
5257489235
8080941858
7898305984
8033326631
4829037370
3893326023
8076381959
8015899746
8081068350
8080920775
8081072866
8080786184
8027459445
7674161434
8072722510
7239175891
8080469073
8080841816
8081078899
7843847732
3899362703
8081095987
8080572080
7974642207
8081120319
8076845024
7907420188
8076435117
5074466467
7895057664
6120222052
8081191056
7867263287
8049263910
5493609003
5774869338
8081078900
8081243635
7313672885
8081291627
5177605787
8065632002
4998542483
6219309907
7588789475
8081331897
8080615931
3757925461
8080759887
8081355922
7301852500
8052552787
7003282691
3512752121
8052486021
7407574394
8081395816
5518040309
8081422891
7994431676
8080964278
7503703090
8081448959
4934046438
8081041863
8058596148
8081496947
7881823052
8081494101
7883037254
8080358560
8060043656
3515559025
8081122604
8081541701
8081513571
8004291918
7691253391
8081440007
8053340831
8076292597
8081614589
8081432764
4878060138
5077402302
5541080008
7963168697
3564985408
7420360163
8052305005
8081640507
5642987401
7003820483
7983821179
7743161493
8076550758
8081738972
8081367080
8008093354
8081752744
8081712504
8081534826
8003344085
8081787890
7930612702
8005781500
5576750002
8081771798
8081834689
3982220993
8081627401
15314296
8081806917
8081844757
7581088707
8081630539
7908661316
6010708703
8081961086
8052069970
8081801865
7940454650
7585898426
8059866824
8081920379
8081965891
8082066930
8081849081
8082026855
4071221237
8082105769
8081789862
5495819456
8011698973
8054620337
8081928554
6035461521
8082139715
7363294918
4284829745
8082205487
7638321760
8021291547
7108623074
7189568301
8082307121
7611538487
8082439983
8081308474
8082479499
5451416820
8082502259
8080554728
7353883887
8082556227
7872709563
8082561807
8080667208
7863963822
7657305699
8082715486
8082951311
8083010199
4249857570
7914468703
8083011040
8075876917
8083092415
8083287890
7973705080
8065244365
8081697776
8083304485
8083375958
5560066097
8076515514
8083354073
7169998133
7784325609
8083426646
7842753219
8033128359
8083481423
8083463233
7847781549
8033115708
8083481541
8083409708
8083503108
7474745795
8026978524
8083559218
7919527159
2923645053
8061516958
8081319367
8080447150
8083643998
7449122332
4185836959
8083674768
7971499583
8081683029
7734339532
8083667085
8083650593
8053191736
8083564850
8083740327
8054596693
8083406802
8057989113
8059723421
8078765298
8083768335
5079393398
7901470014
8081165686
4000987539
8081249841
8002859648
7059308949
7773766518
8083902301
7505948412
4986022585
8083920844
8083892680
8083958485
4632750780
8054215762
8083957278
8083896977
7350624493
4856977108
7500680309
7833119125
8083980334
5559911585
7079765035
8083980228
7945450136
8084034748
5330520359
8084052515
8084068026
7639952455
2845459946
8060935488
5515290845
7793784514
4407629100
6042840455
8081485624
8048950955
7898717096
1196626505
8080372583
8084153529
8049310708
8052828964
7941931524
8084181353
7711119633
8084183520
8068863411
8084227515
7897485433
8065873105
8084235499
8084254578
6195946325
8084225172
3147403679
7140671419
8084310972
8084125751
8084327506
7894495408
8080665428
8002565892
8084081416
8084385928
8080679332
8076596490
8084383975
8084269249
8084402821
4635148486
8084162430
8081919145
8081687043
8084445861
8084451378
4250542382
8084421073
8083507536
8084475448
4768576813
6016375159
7898019520
5311797619
7631353285
8084524719
7760543937
8083920083
8084536596
4148385753
8084509531
2340005311
8084536311
6156817807
8084571379
7993121503
8076277617
8084615472
7464648779
8077601938
6061515109
8084645186
8049053414
4838664128
8084668975
8084659936
8075508425
8084329818
8084650106
8084536810
4826364165
8082124429
8084656037
3895867278
7907159661
8084687965
8084704501
8084703241
4462442432
7890616287
8049548890
3983981957
8080522603
8080236227
8084702536
8083559450
5825193823
8060285917
7116883356
8084319124
4024419422
7354996695
7730417528
8084773932
8084723049
7503573147
7632338322
8084724657
8041405676
8052090211
8048161145
3901493875
7392484144
8039607030
7931608088
4805673105
8060053548
7956414131
7794573382
6100110901
8053245649
8084880976
5365521764
8084870730
4498200707
7679171190
5469836478
8084827491
8084917704
3799903561
8083802305
5240693523
4870871673
8080554997
7016864955
7990798837
7731288369
8028033513
7585478057
7940994904
8085006968
8011632566
8085009053
5500088755
7685016167
8084930657
8084933591
8084934936
8085034548
8054732457
8084971436
8019925363
8040674585
8053076700
8040615662
7107619035
8084961527
8084943451
8052731893
7843168859
8085069036
7568585114
4615070246
4798538839
8069766288
8085141395
7619167237
6194406136
4571581081
7955330756
4911880215
3753767133
8080324951
4138553732
8085195788
8085204601
8078832001
7436827605
8085204462
8063766681
8076804544
8084545517
7532910654
7864779345
7949067006
7495029666
8048579059
7716855754
7430869108
8085300354
8085331188
8080801609
7137226320
4665844689
5042693197
5569795260
4170215905
8036717714
8072795433
7974198666
4134106750
8054865284
4234704514
4958958597
8085445962
8081020405
5273203841
5563311513
8075252103
3150794862
3710341195
8085472035
8075779997
8085243261
8085457622
7941958499
7999061274
7961187673
8085496922
8085434715
8085423835
7847335319
7948624261
8083194825
7276649448
7694001624
8083887371
8080868042
3147680348
8084588677
8085517778
8006685488
8022920633
8081277557
5447259898
8085607622
7918698503
8060027913
8083692977
8085620546
8085221610
8027558225
7987939667
8085651169
8084944732
8036313126
8085674559
8081737272
7491375835
8072565646
8085604793
6221800364
8085689850
8085637716
8085500200
8085717955
4184966706
8085634681
8084694184
8085720609
5433529648
8056326961
8085723689
7230945363
3963881971
8053483834
8015694039
8081167045
8061210794
8047867989
6065811669
7595225821
8069594845
8085802472
4478057462
5649488645
8085839926
8085766599
8085829971
8081419345
7409758957
8081380904
7073348803
8085925545
8085870637
5585115029
8085104137
8084577911
8085889860
8085262824
8085957053
8055184853
3289851843
7582241860
8008444626
8085992263
7724774075
7313069332
8085845485
7876838896
8086045020
2743991358
5465447420
3814720508
8086007308
8085863556
8083878477
8086059990
7123117827
7860217411
8086017669
7897719567
8084277093
8085947235
4923593042
8085031271
8065121151
7970944742
8082585545
8080834995
7717697019
8086103624
6008975425
8086216979
4698204377
8086211105
5557423738
7954868104
8080772965
8086141538
8073471004
8086218770
7994367826
8086257013
3744845725
3704345617
7374311756
8086253918
7585649255
8086315865
7871836084
8053498300
8012377394
8086381880
8086265160
7935410789
8072625347
8085240246
8086317314
8057919251
8084655049
7817088826
8086399073
8086390791
3764611622
7730733264
7730726824
7858909684
8086402434
8086472696
8086338615
7363127468
8086296112
8086454481
8085293924
8049654545
8082423889
8086448056
8059198554
8086031476
7375693829
7475337328
4552359567
5521420176
4617540646
8076680631
8086573548
8085986288
8086598454
8086590833
8073639669
8086657647
7415953346
4869521287
7345448640
8079510126
8036774646
8086700863
8086701040
7244314421
7027660644
8086543178
8086683576
7614116432
8086726124
4598894621
8086402847
7982567939
3847560409
7419150203
8086768282
5556109064
7150992029
5781810638
8082064929
8086185555
8061624520
7898847709
8049858121
8086072008
8045065850
5629629276
8086440348
8075533524
8084253408
8054679550
8086781301
7458129460
7463209463
8084330413
8086672541
8017777309
8086950784
8086968458
6008489193
8037935712
8087019693
8086920582
5555590128
8087050903
7433912664
6160517340
8086772871
8087063154
4156332239
8086201314
7926345061
8087062732
8086722633
4501340721
5568079284
8087112507
7591205157
7848818105
7534623865
8041024928
7868013991
8086227685
8087166286
8087215268
7346104425
8087175876
8087250238
8087213095
7969957070
7533032212
7993497753
8059088660
5750646913
7967652462
8059513957
7430011951
6207507304
7031153359
8087349274
7905992164
8087492000
8087559368
8059400991
8085452621
7555412106
8087483520
8087645340
8087323111
7195586254
8059352407
8085183791
8087771480
7229882490
8086878685
8087885876
3976688435
7553550940
8086660458
5330637230
8081437336
7220345061
8076576079
8087861615
3767249758
8087636912
7609504736
8065129703
3423399603
8088171194
7889733620
8087533226
4494230867
8088226606
7625935355
8088584687
7947714967
8088548016
7699796711
6091573352
5645361021
8055586032
8088684896
8050251856
4037936514
8011837293
8080677154
4809793416
8084676016
7226938093
8086287092
8089177221
8085668178
8086844365
8086671573
8089276249
8089260430
8089293117
8089307583
3865163980
7301089322
7591427221
8089385162
8089313873
8089354564
8000759198
7380059742
8089411549
8089335302
3286700496
8086716328
7507358473
8015678241
8089605924
7930757030
8085273911
4614044840
8089637779
7999054766
8085103945
8089703144
8089665398
8026057325
7974683505
7687391562
8089567517
8020510124
8054899949
7888561786
8089771464
8086415902
8084272706
8089782341
8084970210
5777398971
7766444202
8084315091
5533992869
5591922441
5662026053
7911941670
7989599406
8089891738
8086844441
8072452703
7179698329
8089928654
8089927199
8089920492
7586571570
8089300782
7940099553
4429361440
7240043856
4529305133
8083541216
3641612786
7264395309
8090058159
8025910632
7282921416
7886041881
8084092926
5525104327
5764461257
7770324126
8090108388
8090047227
8090128806
7409843084
5196441413
8076904327
7776688756
7188878210
8090101249
8090178151
7768777461
8090135244
5748121747
8086628499
7767865882
8089650057
8090242547
5619070636
8087130506
3431350841
5448384275
8089928610
8089849140
8081639152
8086923820
5726053810
7772075876
8090301718
7350923585
8090314895
8048917559
8056320571
8084677293
7983420579
8090347194
8090341859
8079524217
8065060331
7350969395
5222017453
8090376289
8071865621
8090395678
8087817423
7975204511
7750006497
7960931031
8061014696
7987433460
8090456117
8090415660
8090111716
8081870564
8089277978
8090315495
7964447342
8047930238
2745601979
8017857462
8090182780
4699226673
7515669901
8090576790
4331561044
7848792987
8090586992
8090621963
8087963464
8081415405
7234120523
8021141798
8090652458
8059522370
8032589321
7680299747
8089751281
7973848276
8003978848
8080773860
8086277960
8008002365
8086936564
8085514783
8090612183
7598390630
8081166118
8087080088
7982754703
5858892181
4779332532
8090725535
7795520089
7559915848
8090658033
8003516392
8090566815
8089996855
8090225810
8086827187
8090710625
8090600579
8090625420
7525783050
7501216187
4019783296
8086442383
8090566147
8053019714
8090572004
8089854829
8090676853
8086322848
8090788634
8090789093
8090699614
8090809866
4934139237
8090804713
8086689213
8090842878
5669630125
8090819337
4684014178
8076816443
4859924296
8090851338
8080646696
8081794147
8090241036
8086442615
7506054301
7532508039
8090842846
7412090528
8090677371
8090794004
8090624268
8090742799
4134500624
8083923452
5361080650
7974293267
3785338759
8090943833
7646103145
8090960498
8083392560
7865291153
7737367665
8090828053
6188495902
7594815338
8090897873
8016210436
8090884761
8085935009
8090924370
7124959083
5803770318
8021238008
8090990632
7698564943
8090921225
7998739301
8091018070
8090995369
8091070797
8091059510
8090945590
7177775262
7898293498
8007577091
3669228967
8090089062
8086953866
7889153543
7931034897
5622354638
8078593141
8090807269
8086673890
7650247080
7506178211
8049545456
8085106017
7632267289
6117602452
6024753104
8077440997
7669221844
8091190380
7881467313
4489723125
3858498125
8091120897
8089217171
8091071423
4131840694
7585282797
3737532992
3075916757
8091257428
8090626306
8046112415
7275396932
8091230033
7215915115
5860778135
8091203356
7170860263
8091298619
8091238590
7550166020
6092018676
8091104133
4069881402
8091270304
7175355000
8091330613
4909271293
5473876085
7532187323
7927083053
8089971865
8086422154
8091359309
8091347582
8091358431
8091358689
7412722850
4327765757
5512065502
7999726424
8091356874
8091265258
8091395088
8091382417
8091289917
8091404132
8032762040
7407321692
8091314342
7479443345
8000443054
5231593384
8091411648
8054850890
5339309831
7931711620
8091084401
7179924897
7668182257
8091464490
8091475679
7867425884
8087098940
8091515258
8091510823
8091533975
8091467852
8090964549
8091497366
5778776570
8091541566
8091325554
5059510748
5574480737
8061187471
8091482323
5053392905
8090999674
8076729328
8066017502
7569444732
8086090029
8091558267
8016031299
4325519231
8091418223
7271399397
8091347251
8091651745
8091545401
7208800997
8091648713
4103362614
8091661687
7616375199
8086656327
8012405755
8091687153
6219914262
7944529141
8091737685
8055679011
8091746250
8091538837
8086840104
8086549795
8091751868
4702134366
8091430164
8090352979
8091080106
7396417084
7877037272
8083931826
5440805715
6210699908
8091818857
8084150453
5618615735
7050751646
8091745479
7863499381
8091847401
8091832223
8091847623
8091859051
4671949731
4878515876
5310125295
8040724972
8091164433
4958679367
8091919455
7863439479
7208109094
8091907948
8091760069
5670221659
8091937423
7263500984
7539714647
8091699877
8060574972
4120267095
4014224749
8091952947
7324242853
8091748500
7049663617
8090520870
7103883718
7951297545
8091485243
8092052954
7899576908
8091619858
5456530963
8092030066
3669179395
7935190850
7059253318
8092018052
4674725618
8092053815
8085222181
8092095086
4273804519
7585002585
7863589666
7937332586
8092098164
8092098290
8091151036
8091575574
5597593375
8092143027
8092174579
8055178398
8004040432
8090759478
8091629211
7735232541
8091718665
4127877030
7982768350
5293543080
8092190799
7965699169
7658418746
7171115771
8092241837
7017082473
8092255090
8092117767
6221360076
3992097842
7622854143
8092298217
8057217538
7572269585
7263650522
8090724209
8023600581
8049428317
7212921154
8091550232
7355441331
8085831093
8092065556
8081015158
8059871523
8092459584
4024982497
7778423960
7474439322
8092421658
8092454043
8080000204
7635929112
4954766677
8092360990
8092413540
8092503826
8012496176
6098786841
8092507390
7957260197
4011323380
8092532490
8011460397
8092565979
7902304500
8080957589
8092610930
8092581701
8092614745
7148848695
7213457337
5707300860
6101270506
8092313959
4985973882
8092660105
7282861398
3406677509
7250510542
7944690750
8092352050
8092743012
7064523128
8092424847
8091944526
5757155300
7263696022
8092451580
4072016839
8092218697
5418162696
8092985496
8092474671
8092775869
8092988322
7530340033
5495104248
8076299411
8093058795
8093079821
4987776875
8092059895
7337904491
4260356814
8090741015
8093158972
8044598738
8093067104
8092965198
6030970084
5311557577
7263754338
8093352109
7413755672
7980530136
7226245043
7429570263
8093663919
8079083208
8093669037
8079435655
8093821080
8020860933
5728900253
6018743407
7822660935
5039632305
7490032309
8093400243
5161676653
8093959351
8094089473
7980592468
8091694184
7039304630
7026665334
8094923210
6064633701
8094982315
7610996879
7549922107
4213249729
8095730195
7746926449
6157153929
8095790465
6100311223
8036191206
8090432426
7850609537
8092076787
8091663890
8095845056
5576135426
8096088679
5868893178
8096056322
6198882435
8096103855
5767361846
3779032429
8096251471
7865317882
7302545681
4585860934
2404510078
8096437776
3130096783
8056610425
4850973450
3559162067
4919268506
8096623935
8096696258
8096744004
7881821427
8003700252
7908595224
8096862560
7779026155
8092333898
8090562685
7743926271
8095975831
7583574509
8091793598
8096961861
8052402696
8092880355
8097086938
8052956202
8094018016
8096248473
8090916837
8097108367
7665763491
8093212770
8092866172
8097181791
5784325530
8065014996
4127970293
3079673933
8097203782
8093798816
8097227477
8011433708
8005527180
8083751293
8097129741
8026478558
8097282125
8097281733
8092682343
2924575132
7653937905
5703841801
8097315470
3674890292
8092343528
5091529579
8097193517
8097367748
5851395226
7275357174
7779427973
7244186796
8004804125
8060390662
7274462801
8092076696
7528683199
7263772907
7569727622
7522795382
8093667281
7729487724
5284555481
8097509160
8086810010
8097545543
8097533570
7778396318
7069300330
8097566517
7222633747
4943974166
7032954025
8097500499
6024744115
8097511842
8096131295
8090138651
8080478280
7373860740
7924570757
7941872618
8097781533
4834854925
7545852269
8097799547
8097680799
7982405179
8097833058
5110067193
8056291406
4007958118
8091262609
8097897309
7668033682
8097864872
4543429136
4670048279
8097955220
8097981429
7788108972
8090758860
3892187800
8098047657
8098056145
6154775873
8098058568
8091062199
8098135256
7949315130
8096967634
7960058262
3379096308
8098049577
8080862192
8098181279
7849975207
7346156642
8095874753
8098373782
7604156051
8098375509
5857419094
8098426132
8098467534
8098640153
7392524959
8096969259
8081529578
7602612945
8098815096
8098853193
6038423703
4691407557
3741845640
8098848693
5429466712
8099423099
8077922590
8099567195
8079955291
8097807762
4973149794
8090299693
5854221578
8099900153
8086036120
7505735074
8020458758
8100463150
4871493432
7977777108
8100620331
5788416731
8097358493
8100743986
8100742812
8100132125
6066292286
4109583221
7899487854
8100979163
7302177272
8096237285
8101034893
8100911956
4232518679
4745522173
8101096870
8101106210
8037526023
5867278669
8101220418
8101342409
7909001829
8101408757
8101412297
4563995697
8101384995
8027248291
3916714868
8101455152
7942731889
8101498487
7730845251
8101524796
8101486516
7598767122
8101538644
8097669951
8101530440
8098034789
8097262452
8101596259
7070021179
8099373425
7836220952
8098186994
7992495044
8101703458
5500532693
8101711996
8096898785
8000695105
7313148392
8090946495
8101099091
8101747274
7932271621
8101737998
8101475241
8101739625
8101748408
8101779227
8089203115
8091325602
7679058579
8101825521
7811482758
8093394600
8090700106
8100101636
8101884298
8089551744
8092469102
8101940315
8101922148
5536652000
8101998887
8102000471
7036446022
4598652542
8091461231
8102002188
8085428266
8102003887
8102067623
8102022771
8072999482
7680117361
7679364003
7773520108
7802180779
6165834499
8096023405
8071608424
8102078431
4871443912
8090332951
5349244183
8060684614
8044601518
5201050859
7631842422
8102032429
8100634887
8101942956
8101240036
4293502379
7348654540
8102416055
4772086304
8078930383
8102419125
8102464428
7829053352
8102411247
8102529483
8102345621
4551503061
8102623454
7872575113
6037161796
8101659808
7602153648
8097772584
7946439899
8071608323
7921114120
8073414528
8103015695
3867824820
8103128106
8102893737
8103338100
8094166153
4283452976
7033282322
8102678025
8103760608
8093957354
8070236914
8104630943
4263937168
8072414597
8105004530
8104111701
8103737768
8105082876
8105107276
8105182085
7908732742
8105228754
8103497900
7539929579
8105247823
8105285479
8105204520
8105287174
8104793639
5543812007
8101249575
5431347754
5339286434
7766333025
8019481879
5296060682
7936163404
8101986878
8105756177
8104131090
8105785738
8102290913
8102425155
8105821079
8105832902
8105851976
8101419954
7939637275
8105920869
6150688726
8101241853
8105811721
8105981142
8101827006
5699229822
8100585297
8106035894
8105173529
7978586848
8088196780
8106075315
8106073245
8105581992
8106065991
8106089906
2944265418
8086499374
8091448396
8101615873
7545340527
8106159121
8100071669
8106213003
7676014212
8102273076
8101819517
8106132925
7533365748
7966100131
8106074477
7117333703
7354573533
8106278916
7259797998
8106305435
8073329766
8106315534
7936445665
8106312081
8099327135
8089858209
8106346550
8092472985
7864276194
8106353377
4417229367
7860158889
8059184848
7880620967
8106425673
8075600270
7559171972
8101792258
8106208001
3695556063
8106453690
7278350830
7955771024
8106497065
8097151307
8081825900
5854778131
8106476089
4841718404
3803013368
8106558705
8106586069
8106541167
8106501659
8084305859
8106580489
8106371850
7207534329
8098674965
8091012953
7616362812
8106557285
5602437108
8106682950
7032803610
8098326573
7333985825
7687915886
7683953522
7340541914
7686649199
6091695707
5769915022
8106803189
8106075653
7537400992
8106770872
8105199909
8106851818
8106568862
8106581498
5496430168
8102664355
8058781939
4396985375
8106087102
5782856577
8106898631
8106773047
3741501458
8106929510
7938803693
7738114976
8107034358
8056710557
7141689797
8106779085
4489847597
3847008569
8107119165
4056736602
8016345405
7601198103
8079241967
8107434913
8107520247
8105253416
4586421320
7743588154
3880279948
8107442108
8107587110
8089981627
8107642892
8107487486
7419834691
8108228262
8108250887
7050941408
8106835636
7538440417
8108845413
8108844742
8108671993
8016960683
7522132610
8109132912
8107987685
8106162953
8079480593
8109226090
3217145782
7115127799
8049709624
8109220327
4372723299
8105234811
8105063650
7828287909
8109367480
8109364473
7278951111
8109390949
7060558492
8109417415
7732893903
8109472024
5515590331
8109498508
8109380659
1412252013
7563053456
8108826035
8109656312
8109636317
7248330295
3405331688
4390405751
8109821544
3378191806
8106318060
8109847874
5672575740
4022953728
4959172760
7297165202
4036962150
8109990601
7566351265
4090593196
5651076813
8094877987
7088151026
5388726947
7908681304
8106060984
8100366271
8110071539
8107075102
8106069744
6230863049
8084010796
4188978115
6095227786
5577720702
8090037083
8110177672
4842337334
8110185667
3837192622
7223674807
8110159893
8110131806
8106865152
8110220006
4788842994
8110235416
8087738569
7901900076
8099679796
8006821250
8087167556
8080723137
8110283138
5381069546
7726144614
7999738277
8110325056
8039978673
3531568451
8075632594
7661233117
8110387487
8110400695
8110292927
8110436114
8110429733
8093480745
3532259647
8092502390
8110402261
8097316202
5773905455
8110432899
7504029381
8110287148
7141706757
4069528366
8110530226
8110515140
4268092078
5606922585
8110541055
8110410223
8092172758
8110549693
8097256502
8106659396
8101262993
7432930498
7784508360
8110577687
5855740131
3849420368
6146688938
3636643208
8109833524
8100505018
7259318159
7533974793
7601952649
7207774518
7608407899
8110440842
8101891878
8106546750
4758992752
8110726639
7644454632
7806918974
8110770123
8096071058
8093143138
8059077165
8080082834
8110802177
8110788344
8086135538
8110895588
7317918562
8079281850
5414859724
8108496230
3713509271
8110796170
8111066196
8110891411
8111104860
8102699459
7674865936
7308995146
8102389447
8105185059
6044876219
7599278872
8111408326
8102967603
3767550708
5184414884
5176884684
8111204825
8111557487
8076320064
8111862629
7294810634
8111628570
8111262671
8028094952
8109544034
8112475768
8081287194
8113096289
7608677979
7403298070
8113328062
8113332722
4662897910
8113354172
8110771671
7811047130
8113444760
8113317595
8113474295
5380719789
8090739020
7812565369
8113509898
8101776152
8113527149
8113562272
8113632788
4192488249
8011551027
4502241033
3801513522
7611566669
7249665222
7084015119
5190154547
8113859803
8113882229
5670433950
4949087985
4349209066
3680058277
7625611556
7602609513
7881969589
8092681705
7027071852
8114043938
8055615845
8114117516
7712640480
7078656607
7875950770
8114137111
7577931832
8114161754
8097622708
8114180668
4573611476
8031604962
8114257063
8091203058
8110148499
8114284670
8114290356
7414464289
8114315880
7974486351
8114288410
8114332842
5677985068
8113596786
8111098627
8114086851
8114397195
8097708890
3831925772
8053535973
8060604123
8114429156
8106038935
8076803693
8114452468
7107106598
8111150910
7731295966
7424232291
8110478765
8114502706
8114515803
8114449632
7867602119
8091583697
4955673098
5411797672
7392974785
7882119160
8114536585
8114408139
8097410074
8114514155
3020943909
8061457600
8114582099
8080809679
4479471654
5672267652
5506380310
7407397276
5304175100
8114490641
7789268636
6131215008
8114110024
8114665241
5694463880
8084812844
3477002691
7613051360
8114675799
8113982281
3863808601
7812217310
8114753094
7487767125
8087963124
8114793768
7352225008
8114814415
8114812644
7868214935
8114796758
8114706698
8114826960
8114697843
7355185891
8114864246
7622246769
7585655550
7421424208
5547516959
3779952264
8080622398
8111061154
7103404795
8115018279
8114472163
7583675095
8114969702
8114826095
7088640724
8114320740
3671746982
7873731440
8114955094
4413878362
8115111003
8114207143
5597650679
4855573419
7575280906
5095901581
8114921068
8115131130
7988781799
3575715628
8114947692
8114803361
8073635943
8115299145
7906540156
8112986202
5731487063
8110549928
8095765264
7266383384
8115409840
8115460463
8115299286
8115479881
8115488109
8115497453
8115569160
8115073044
7312251162
4911544514
7922924630
7690973756
8115667579
8107220352
7462630844
8115799982
8115825403
7945876443
8116014725
3722822619
7210499122
2951931996
8116206162
8116285820
8116224823
8116309266
7018144651
4876259131
8083980466
3239172438
5840940313
7267844981
8114456976
8115960510
8117270304
8114529644
1552078439
7896967249
8117315847
8117357356
8117384373
8117341463
8110526245
8114867105
7729000448
7837992873
8117410328
3760437838
8117554560
8114381398
8113946104
8117609818
8091249890
8117571594
8090439155
8114867627
8117765892
8117700252
8117821691
8117810375
8117870577
5314956974
8117797575
8117753238
7448940685
7892405983
8117927222
8117975980
7601539757
8118003421
8117712205
8080836019
8118095385
5482114821
8053678052
8118219319
4010092537
5015888053
8118229053
8118370321
8115461764
8118416169
7767995913
8087392707
8118342298
8118506956
8118507447
8115336960
8117933594
8118581166
8118228761
5088160204
8118516140
7564322967
8090409405
7961017732
8060273839
8118612587
8028372873
8118584756
3225462062
8060761343
5827017530
8118712887
4651552514
7943864778
8118523382
8118798399
7366144830
8113556064
5034892781
8117645149
7668211101
8100615810
8049090448
2777827435
8118958173
5647892980
8114970165
7290872101
8119091739
8115249639
8118875210
8119100890
7479516420
4615323506
7422603516
5536606103
7987557827
8115046940
8119222907
8119284819
8114507653
8119208406
8119200816
7926478482
3599183301
8072989818
7080276361
8100403815
8119459869
8077078478
7244361849
5588367683
5397386429
7966922620
8090654605
8118110185
8119519036
8119555057
8118941681
8022137848
7342089367
4828869341
8119796992
5744686420
4945292196
6217125205
8119883560
8053019040
8119314584
8119899736
8119966512
8117345967
7670159517
8119982105
8119896187
8120003152
8086500540
5357346999
8120055162
8119990173
3281593977
7241278931
7243764529
8114069030
7704271063
8084325968
8085822082
8120162119
7533476759
8120217698
4676100000
7428380146
8007642334
7249842644
8120125684
8054194627
8086022620
8080444403
8092368816
8114898480
8120494320
8120264159
5240142623
4106490184
4598434358
7854032525
3652294828
8120682868
5585556366
8120572564
8011448065
8120678925
8120758480
5630143478
7208059118
8120480946
8120744599
8120807806
8119895251
7883982645
8081152968
8120867172
7184546173
8090952118
8121063804
4513949784
7636283659
8121149777
8121078965
4457435683
7650712551
8080859458
8121318534
8120142813
8121461840
8120993633
8120299676
7974796190
8121834877
7902531505
8097964286
7422889814
8121922986
7721401621
7389943578
8122533457
8122740069
8117024499
4223770063
8117876666
8044735528
8096129678
7611714238
8123785143
8123650055
8105756966
8123631047
5088558379
4548457775
7494960761
3412405886
8119494510
3961962779
8121669262
8117262800
8124136709
8118510132
5025728785
8050749861
5311165819
3293587895
8092653122
8097539686
8124438787
7538386848
7200581913
4321736673
5573610265
7342693678
6220801786
8097563647
4191705450
7926339451
7612463046
8124781021
7088576586
8124863899
8124901372
7055859539
7860212474
8053298456
8124967640
7278399945
8124848810
7351524401
8125073212
5590202569
8125133006
7819652963
7293766910
8124710445
7846867463
8125269687
7112807091
8125312628
7731201564
6096909558
4072210210
3315737695
8125416502
8120550384
8103085893
8125399363
4559261960
8119735773
8120603777
8120018416
8018469074
8111010737
8125607320
8124449792
3169455056
8125644606
8085867805
8125553162
8125602557
5082734331
7352896341
8118976393
8119430707
7185437099
8125886099
8125747017
8117898283
8125900173
4781228812
8125855904
4528693701
8126010966
7855253004
8125708050
8114245853
3635002821
5568840881
7374355974
8022102807
8124626877
8044882304
8017047404
8126260669
8126268491
7983365004
7106967040
8084834583
4961640346
4829735546
8126394868
8126305645
8080376738
8077260195
8005145682
7510054893
8118846964
7855794007
8124233618
8092156353
8072584159
8126628083
5176342571
7835096571
8116381113
8119893107
7122822887
8126438938
8022211639
7936893160
8127053968
4986628316
7848494623
7295149975
8126865153
7088251234
4389863448
8127125572
6051519386
7230936432
8107016457
8127595308
7935163582
4634819220
8119845249
8102437988
8057984421
8087006507
8128318846
7334560806
8125265069
8043311899
8129958421
8100930578
8130284212
8130422663
7863801199
4787477113
8077375393
5522027287
8130886194
7900996608
8081801781
8117609776
8090926006
7789714565
5090994858
5268248220
8106057686
8131378751
7347080630
8043899130
7901490403
8131455522
8126765584
8131467398
8131453796
8025551696
8125971806
8059214036
8127496381
8125575155
8131397029
8116112968
7205059695
7850080832
8131775407
8125136034
8125261509
8131986289
7576501428
8118986691
4141119665
8133505176
8127361904
8104845087
8126563289
8133961949
8133346525
8134028244
8119480225
8114595123
8134202702
8134106546
4429538400
8134062437
8134810064
8026960231
8110907367
8135143505
8132107010
5251785833
4802402811
4697669923
8135296026
7970078583
4249152030
6186694066
8135481256
8135463770
7171640988
8135628314
8135631022
8135664850
8135781422
3758121254
7398788842
8086585231
8135162031
8096228399
8135027641
7462072677
7777170751
8138950744
8139197495
8135459094
8139320034
7949612962
8097289032
8139421926
8139546592
8139713807
8139755282
8139838376
8135604481
8021114007
7478605418
8055487953
8112925605
8140160455
8138832531
8140009818
8125734330
7940373114
8140459224
7155733638
8140681770
7561012980
8064645124
8142395304
8111416615
7628471153
7354722823
8143331036
8139390352
7263502898
8060822744
8143684226
4582390970
8143698183
8142523768
7891906116
8143024952
8144375183
4699896556
6134062241
7448960219
7994039092
8148330773
8148519132
8148570897
8142438806
8148727426
8148831039
8148954109
8148500710
8148953180
8007901912
8150562508
5852593280
8151323927
8151442864
8151658960
8151769737
8152114129
5573149696
8152243382
8119421161
7605109318
8150026938
8143374458
5514938861
8152188985
8152999814
8151369129
7977432994
8153050648
8110669800
8153253643
7847132143
7298091094
8153343904
8153018753
8153436567
8148517449
8153530508
8153677210
8153763156
8153740508
4299873054
8153361929
8153929841
8154019068
8154095469
8148074993
8154227831
8154044337
8131308903
8154461979
8154467079
8153735967
8154555201
8154961708
5054453946
8155899261
8156234553
8152481302
8157847670
8157913971
8158105124
8041200981
8033450179
7432823398
8158503136
8158695821
8158422737
8109537391
8158988113
5684554195
7317459765
8159261721
8159364481
8159415865
7561515084
8159465902
4758760656
8147850357
4852300379
8151805873
4272052194
8159463878
8158363648
8158449129
8160315473
8159939482
8160366910
7974256167
8160246142
8160292337
8160434587
7915384867
8160320440
8159823587
7583310430
8160811953
7771490971
8159228612
8101718102
8161287692
8160944470
8098016863
8135494357
8161701298
7601882576
8162955787
8164763452
8118756871
7965453587
8163609930
8072747585
7708393829
4700864093
7413390617
8166265586
8000885050
8153246699
8167422119
4398149737
8167951344
8169263861
8169305473
7112159926
8169671332
8169765023
8170174672
8170265740
8170344732
7175379624
8169629735
8164589782
8120317240
8174015269
8174075531
8174121875
7867922884
8166414574
8174613507
8174084851
7902246596
8153229518
8175343205
8177313967
8177335100
7031263911
8178045064
8177882476
8177445350
8178255113
7664550969
8174686016
8035843121
8178794647
8178899947
8178313387
8179238531
8179359029
8161601088
8180037396
8139793063
8180254261
8180503535
4061282811
8177997247
8165907406
7127356285
8177263474
8182788487
8159971160
8182915583
8152371407
8120766366
8182986945
8183140018
7751437571
8118764196
8083816998
8183769958
7969293460
8184044952
8184297989
7066640261
8183625987
8185945495
8186272519
4153034645
8186326992
8186383901
8186364407
5564081313
8186650266
8186575189
8186768902
7793803163
8186862780
8186716205
8186977778
8186724680
8187089297
8187136570
8187230465
8092235138
7897885987
8186897574
8187445167
8187499457
8160356488
8187548669
8187120186
8187523775
7611602344
8187432613
8188033159
8188063668
8188128802
8188047665
5519399147
8187951250
8155814981
7204835809
8187170359
8188409334
8188455626
8157871798
8188512776
8188589047
8187597229
8188227175
8124345366
8188356859
8188728825
8179023958
8188837028
8189495756
8187944729
8189670137
8190115405
8190627785
8094167907
8191891615
8189013013
8192913311
8193003636
8185356683
8189513488
8193099025
8193127930
8192536744
8193114164
8193469336
8119151151
8024073181
8192982023
8185907394
8048976772
8194063695
8192636155
8187661345
8194180375
8193901525
4178613812
5654617176
8194354979
8194423940
4658105367
8194488073
8189093635
8169634202
8176073958
8194547373
8047638026
8187816231
8195093482
8195322336
7668717022
8195495981
8195663782
8195648388
5774164816
7699638320
8195992828
8134239302
8188583318
8146424271
8195639361
8144881503
8197541744
5465811016
5747541305
8198294463
8091723095
8199919967
7080122631
8260344
8200355498
7260307722
8201239047
8189702193
8198989512
8201401532
8201352277
8201270798
8201663765
8159800387
8200252629
8185205040
8199938031
8205097032
8205269620
8182398065
4297616758
8201728763
8206087729
5664771956
8081829318
4769526058
7032563614
8206272430
8206422083
8206439364
8205927944
7559731978
7974124194
8206334163
5447303467
8207038101
8172874755
6226928308
8015972394
8208715853
8206172673
8209553768
8210724632
8206427244
8211031027
8211102697
8211291311
8211339191
8123427966
7556541228
8211363564
8211782482
3385525742
8213889118
8212956168
3303339504
4024982098
8214978220
8206591426
8048099354
8215448011
8211366310
8215732160
8215470477
5798800715
6091299593
8171040336
4901599840
8217307502
7647853102
8217808055
8087516612
8218659795
7477487049
8218706332
7243648937
5726397243
6197658598
7504944140
8219461424
8219433072
8208641488
8219485354
8219616862
8155410687
7971335060
8219665696
8219723618
5099912251
8219804180
8151911637
8219837962
8219833096
8219899709
8219838808
8195781021
7882263182
8210331193
8219995063
7890841046
8220104849
8220113967
7995850498
6230378324
8120587000
8219563894
8110651999
8219729248
8220308024
8220279240
7457216885
8220365359
7978602775
4525362648
8220440607
8220459730
8220534606
7895053367
8220509768
7506005941
8220667956
7807794327
8197202941
8090017184
8220620173
4320992275
8220317426
7394029944
8220063504
3384982014
7406878580
4903797867
7608514583
7265941834
8170495549
7718223508
8221593985
8221782505
8222365058
8097584370
8137343864
8085087556
8222502896
2949471064
8220361785
8222655063
7849341016
8058817197
8222591045
8222763666
7519333861
8222815985
8222817366
3857315236
7184334308
8186822472
8084836711
7608230600
7416616145
8219578039
8192268652
7817662837
8146725397
8188050052
8223118475
8213927749
8220850036
8223367488
8223447403
8223014190
8223538197
8115549403
8223678544
5541136586
6070102790
8223833857
8223876544
8223863943
7993830596
8026058737
3500125689
4857068966
8178309626
5824527034
8224209945
8210493386
8224230482
8194781078
8166322821
8223324196
8224420946
5099008350
8224486188
8224452270
8224507858
8224514470
8025726070
7837533462
5731575659
3704123216
8224682531
8224730634
6037061044
7944484974
8224835450
8224832078
7913094111
8223848481
8115926975
7423593569
8224842837
5777644481
7974452264
7835157709
7550013423
8125350040
7341848593
8225171577
7559093189
7813556908
8222865690
8210551480
7882458050
8224142537
8124344016
8225596323
5536734729
7252321185
8225778760
8161144730
5859148740
8222977491
8222909641
8224315898
8225967597
8225906439
8225846056
8221016577
5807388464
7771626127
8226162011
8226233663
4428913988
8226380137
8226494192
8225095605
8226627458
8226805737
8225014748
7902518888
8224576759
8224086328
8227303599
7268783384
8227475449
8219628275
4294036721
8223313366
8159601078
8228855889
8228865561
5017594169
4332631406
7415512542
8229194734
8229192297
4572450145
8229256715
8183387276
8229441342
7059537479
8224580278
8225620706
8224247104
4068862246
4749550726
7590660702
6035108515
2982112215
8194997811
8223603771
8229337362
7875510951
8229502803
5731736794
8117993888
8224417611
8225507418
8227842457
8015294910
8225650487
8230225122
5411862125
8229843108
8225404164
8151674582
7266738956
8230360439
7654720989
8226563889
6099524830
8230539707
8230555232
8230540550
8230536815
8230602668
8228133465
7301690120
8230637412
8220542961
7793416501
8230635951
8231006949
8231044607
8230877543
8229758474
8231124246
8231018558
8231102008
8231187194
8193800738
8020653374
4335686401
8230564037
8231252642
8231305330
8231441231
7213595089
8231275868
8231527714
8219994974
8231470229
7877663115
5362207418
8231792493
8148495309
8231721260
7221571987
8231841346
8153154430
8229398604
8232032026
8003541281
8155425908
8232182307
8232271137
8174479071
7374262944
8232799794
4837941241
8232696657
5541310343
7477746195
8233160133
7636959622
8227782389
8233649499
8233808285
8233961436
8233517223
8231299037
4150476921
8232465881
8235810767
3273160361
7098780145
8232296274
8233734148
8124391824
8229852168
8236381853
8236724705
8236952798
4515277256
7171698519
7717587434
8237253259
8237374166
8229476878
8233755162
7984135944
5499923441
5278423260
5610700620
8237634830
8238057482
8238092727
8004443211
8238203476
8076645833
8238349473
7880237911
7501181018
8229614538
8238902268
8240249342
8240458559
8240569920
8240590190
8236757722
8240667931
8230921842
8241005288
8223010171
7931380790
8241185560
8241242787
7070380052
4772885396
7022477013
8241647422
8238028456
8080311859
8160934126
5744713905
8117804873
8230241858
7063724998
5691930003
8241334062
8242312273
3441501637
8242403487
8242320540
8242524135
5847513461
8231856171
7871681453
8193968791
7301247440
8242793048
8148305214
7949137579
5241643714
7818227816
7480660577
5851029132
8245025451
8245424558
3744339725
8245541178
8242340262
7816280857
8245936839
8241965340
7106962190
8224831030
8243213549
8246412811
8246501406
8242573728
7468812912
8247092410
8247347263
8247480205
7772969983
4510657238
8206182118
8247842070
8248834411
8249057099
7986923339
5168064666
8249911127
8250351038
8250550127
8250585836
8250673886
8250749579
8135103428
8232747531
5515594618
8251458625
7898387122
8247334380
8230614744
8251372011
8223850292
7483950158
8250464831
7280226837
5597302092
8248100098
8252277795
8202213031
7642025839
8252419122
5126204602
8242230392
8252588173
8252706174
8135783859
8252714005
3787789520
8252884884
8253050713
8242024073
8232337745
7208291920
8154302216
8222736200
8004529907
8254519233
7931148612
8254596189
8251847360
7248274899
8194113384
5177105265
7877242737
8252448996
8090576210
8254903810
7844080997
7925705815
8254935683
4918201159
8161363719
3962404809
8254996095
4503138843
8255083322
8255057397
8255077079
3880976314
5751074519
8201528615
7040747041
8007334114
8252879951
8090176038
8255271413
7974384429
8255223075
8255298628
8222358841
8255230216
8214588668
7141233577
8255480417
8255425722
5394183489
8251374388
8254571226
8255612632
8255092475
8255678371
8255578877
3945577045
7749018674
5440924397
8174831493
8255640164
7222673935
8240815390
8255863871
8188903350
8170396699
8251761497
8254209324
7913538381
8154216447
8256050788
8256075913
8256036507
8256099640
8254360453
8256166490
8256147754
8256213536
7609864984
8256235303
7931990367
8256345552
5537672384
8256354521
7370020726
8256228589
8254587711
8256477439
3127673281
8252442622
7948734987
8174541102
8135416598
8256631609
8254590034
4169667121
3782474595
8256831272
8237802675
8256342305
8224369551
8254835226
8256145798
8256873765
5589413608
8256790270
8149154429
7731516267
8257311369
8147102878
8243111838
8257600346
8257605356
8257714397
8257999110
8255821427
4987051031
7235056005
8257611497
8115498668
7834821143
8258284029
8258900438
8231980159
7132658065
8259322303
8259311793
7794289802
8259438678
8251193891
8259477704
8259311194
8238484729
8259630398
8254738644
8259623755
8259792917
8114871328
8256253728
8259952506
8259524600
8260148921
8260135867
8084483251
7495963022
5071469629
3952659847
4534357834
4689177760
4369273726
8260417016
8257019213
7817657533
5751372202
8261166477
8261178814
8044294073
8186249693
8230434372
8016692094
8255241567
7944125400
8261195709
3565253137
7271198204
8261470912
8261471288
8261521112
8261555834
5622610192
3400145708
8261675161
8139749087
8069657252
8261888643
8262041170
8232320785
8186773710
8151840192
8261877364
8220364316
8262198746
7625688485
8256532659
8262386351
7954433261
8262144649
6094601417
8262668272
8259753538
4103603713
5567980248
4659517486
3837472113
8259959483
4253743839
8263440539
8263546709
7644701934
8251366876
8263664380
5798902470
7346679597
8159245218
5863930426
8264923778
8265293952
8224818657
7617635521
7977244984
7083647495
8265772829
8261437942
8266018960
5550188638
6123703615
8265986811
8266111597
4301964064
4660367617
5075165275
8257316690
8259662276
8266485906
6021404917
7312678380
8263605363
7184488664
8266616356
8266609172
8266655201
5347870841
5824688874
8266765433
6152433651
7247463980
8266395697
8001539849
7238840578
8267020757
8263716717
8071183156
8267150118
8267183714
8015618385
7380353709
8162749652
8267422596
8267590206
8267446520
7317593139
8267186045
7982102148
5100151611
8267747845
6174067402
7991590962
7877569045
8267846992
8267845335
7610806020
8124152862
8262814097
8267939988
8248277086
8268090737
4026875307
8268077831
8092499772
7834263396
8268261923
8268294330
8255759883
8265848637
8259191990
8218976469
8058748635
8251755480
7882439134
8268185909
8267856999
8268622317
7015692566
8269016135
5482563550
8261269262
8269240232
7979795658
7477978292
8224254282
6172080809
8247320293
8126810664
8269408194
8269792197
8255544410
8230590640
7646446674
8268406941
8270732629
4688626185
8241950003
8269545742
8225210373
8272689796
8196682883
8272713476
8273111155
8095871130
8273654473
8273735843
8273765125
7974450854
8273905513
8274052587
8255184546
7308433145
8254305158
8274428360
8274351609
8101595010
8274717242
8269163731
7267760279
8256022314
7358685647
5483125711
6082491910
8277772217
8273910786
8219833129
8266823577
8063674857
6043252485
8278638903
8268426365
8278654063
8278685905
6226790190
8277906366
7983638967
8279128037
8254711009
4891008600
8268152737
4572027098
8251391177
2986024442
8278804237
4237815156
8282476343
4740835288
8278613096
8282659465
8245974248
8266540425
8282426533
8285556970
7989166391
5466029653
8286809683
8286840782
8286854018
8287233318
8246444113
8202425875
8287367711
8285804087
8286413990
5072111128
5088315925
8289503744
8289520101
8290049822
8290203918
8096619379
8065346740
8220283777
8291086525
8040795639
4904491916
8291246734
8290171043
8291470967
8252154202
8230261843
8291067165
8127565907
8291293378
8220393858
8291961571
8292097556
8292121501
8292174903
8292332586
8292487535
6161513427
7662670088
3402275637
8292786038
4691368289
8000161821
8153711427
8090529460
8174832470
8021620608
8294220016
5335187058
8294439483
3932902660
8294306095
8294522920
8157980355
7027194138
8294904128
7376416876
8295011596
8295077188
8295133763
8294751473
7402707453
7974546443
8154071406
8295455374
8291590597
7465521688
4696455204
5195825765
7887524861
5845193535
8263874055
8295678780
8295755408
8230936623
8295035171
3528922047
8295666453
8291436659
8267904964
5500778459
8296106442
8082678429
7752511122
7022441086
3784474320
8065664356
8296398719
7589784536
4901427128
8295012903
8296644323
8296601376
8296851668
8295551197
8294931552
5574402791
8297111098
5727725799
8297032781
8295814686
8114237342
7423284744
5850927333
8193327726
7945541195
8297437917
8297197857
8296490078
8298723607
8299092612
8297259087
8300097528
8220198856
8295782446
8300884450
8300588586
8301208146
8281453884
8301253927
6027763372
4651813465
8289899549
8255607964
8301464404
8301488586
7978359117
7773074772
8301853848
8301760048
8301319295
8279247328
8300409261
8251427408
8302136427
6143728637
8302192855
4168078992
8301902383
7559760122
8302375305
6171701721
8302594559
8059202604
8124388040
8297688093
3909668667
8266859602
3823464427
7967626098
8260598757
8303111534
8303263325
8303159979
8303418539
8148445244
8247373827
8303366206
8301272501
8303586557
8303560193
8178036312
8298560943
8304070193
8304128753
7812489447
8292352013
8085572565
1848938580
7369537885
8298817784
8269802160
7811646233
8307154135
8307095102
4319573627
8303956880
8308395236
8303337666
8307215329
7007440486
8308279059
8308883863
8027486887
6061383124
8309047208
8000070700
8309166194
4774700887
8309467914
8077209248
8309843710
8294429004
2709076007
8310166627
8308855274
7173064168
8312032229
8173673089
8313047173
8313161079
8313270241
8085522245
8313555789
8261582283
4972489011
7848174139
8268402665
5226722641
8313998996
8314254155
8316299388
8307504648
8317076607
8160012950
5626634875
8318139506
7166142084
8224666415
8319264438
3969027561
7777588469
4982898949
7943644679
8313633843
5646545431
8322188165
8232177228
8313510614
4982980453
8323822898
8322786929
8319310503
7093623538
8323891469
7581097573
8312118157
7259869952
7645497809
8321618844
7970171583
8328420882
8326985575
8328644474
8329064263
8252543047
8322919299
8327371115
7221297880
8329364857
7278703968
6144274705
8328613693
8330610602
660232824
7669515815
8303045953
8160295441
4956498055
4880091220
8329396620
8332475813
7907438231
8332754139
8332775276
8181231326
4801501243
8332947779
8296292362
8330314001
8332846007
4109137183
8226355468
5309790275
8259942316
8333698655
8193898173
8291833642
8333850683
5362359558
8166136765
7497661204
7986708454
8334124133
8144117386
3888878826
8196029302
8334308185
8333704409
8334435641
8334376033
4943939740
8328901866
7457565728
8152624428
8334617783
7141635553
4434891881
8229840665
7812166372
8334706698
8159764800
7181146890
8330528598
8250313616
8219247206
7732314411
8085360230
8335402652
7239800903
5504189999
5744498484
5625938291
8335713750
3930892734
3443803157
8237432106
7386135820
7614499321
8335983303
2577523904
4595671367
8336192345
8336725610
8336729938
8055179759
8193991504
8328878837
8314174788
8335134840
8338098895
8307844693
8334909073
8323133490
8338694337
8334491293
8007726046
8319134082
8338457937
8331989635
8339022925
6091178930
7818040968
8294525834
8339145098
8259473689
3198537120
8338872217
8318732091
8159463546
8339589858
8339587886
7742097789
8338692865
8339509889
8339826128
4414521458
7436115436
8328382691
8340189651
7279286418
4798934082
8339352977
8340495967
7581779554
8337153896
8340227506
8340561910
7789934427
8340808870
8340839060
8340843131
7768151373
8340587076
8341103761
5717240131
8340675795
5697719043
8341112857
8341197305
8341358081
5218324684
8231162964
8341440961
8085644415
8341762691
8033255488
8339964759
5145572507
8342298481
8342576031
8342633587
7463887745
8274527189
7590882743
8345112060
8345110597
8345547289
4807717227
6036275608
7988258586
8346496896
8334101520
8341372895
8341324181
8347241828
5619301794
8347420256
7590725585
8335034669
8297693872
8347695701
8347461754
7633125770
8348527882
5222022905
8348650615
3820227356
7601713635
7113279880
8345258210
2331340394
8350532184
7579858808
7409700201
8351253162
8351765196
8196267257
8279155473
6064482768
4129512764
7283672977
8352208973
8025471624
8347373237
8153534519
8352275258
8352055056
8245855608
8251606530
3237282793
8352834008
8356012042
8351743758
8356571047
5504297268
5244038636
8055261473
7698595623
7777760063
8125565146
8356081399
6004030191
4870868458
8357376318
8356424322
8358843956
8222904387
8080357825
4273835003
8346500468
7217375740
5223069330
8360412698
4442774206
8189452928
4222960373
8360754677
8286486592
8360397477
7907300597
8361261502
8361639988
8269817842
8356584436
8243174519
7640108759
8224219421
8360007245
8106630026
8322136081
7276504226
3849510355
8342034306
8335303719
8365383513
8361395684
8301434733
8096971333
8365621912
8365604638
8053454617
8073583058
3458805478
8365677045
4832394835
8225217820
6167737789
5427612718
4652312794
7605429525
8312962170
1259057458
8299131586
8357581875
8366627779
7966519052
8366743871
8366845938
8360951286
8365908021
8366039349
5281059006
5781521927
8367860501
8368004583
8367191266
8368205919
8368162735
7004250525
8193312628
8334761392
8329542214
8368627889
8368631574
8368682437
8368949206
7084390131
8148214582
4654261213
8368911617
8295970240
8224575181
8272685246
7240752270
4594988580
8313361078
8355706449
8332452859
8357829997
8247569621
8369667602
8369793972
8369828556
8369845653
3973396951
5647153801
7478044503
8369681509
8369971057
7871379630
5827910885
7830261196
7030116827
8367132893
5295786094
7509599966
8368590840
8105886385
7193877520
8369591224
7974098673
8370210691
8370547715
8364996934
5217337519
3864623544
8370802177
8370543842
8369975523
7176465736
8371249889
5532467140
5707414925
7967813373
5631097302
7086723823
8372309382
8365439389
8369914133
7327264404
7601484098
8363539433
6007020202
8356823018
8359753714
2745902383
8375172001
8131381468
8147413920
7622760692
4390518962
8318084545
8232600146
8356499724
8377243341
8048594906
4439820355
3527535993
3729370051
8320025135
8310651329
8335455036
8194772956
8377345510
5560516287
7935619416
8296221099
3768047458
5792073928
7270880634
8384246531
7279222601
4161410958
8385293122
7528725926
8340633992
8385508476
7414432463
8385329210
8385599505
4397529922
8385970650
8386397023
8385572997
4853766283
8386394872
8378391736
7199224620
8333107832
7050423131
8357079987
3312410903
7699641035
8350887758
5304538585
7907527485
6015319780
7863832907
4103283942
8389307058
8367793936
5462418498
8262172611
8390158627
8381569165
5719019081
3917264975
8388406753
4775089749
5055123940
8230738884
8390443496
8390867166
8152565443
8378448076
8390899764
7412765514
8390075556
8297855273
8288070950
8390193689
8390202800
8392407535
8392517128
8392551704
8369618687
5110378177
8392431954
8392839549
8313131384
3945101760
8086047845
8393236714
8166009713
8393060331
8393510244
8091178444
8393636147
8393564254
8333705968
8394003985
5221801805
4390507131
7636722672
7288521072
8394142392
8266390040
8393815168
8390512946
5675397840
8392992488
8223839736
4019824175
8394639410
8394809571
4586258997
7561399737
3509225258
5582200492
8296523298
8256086703
5827238009
7776667433
8395435117
8159369320
7999129849
4252292600
8341652037
4080152511
3827502916
8395542194
4515542969
5843268373
8394441566
8363725491
7970138645
8396115821
5563109707
8397865668
8395601054
8398112465
8174206444
5664136186
8395404357
8195103519
7093683959
7984462193
8336483159
7876792363
7894475863
7088943855
8154754544
8398789722
8332461187
8389888497
4632240762
8399037603
8397978066
8114916888
8399125707
8399144301
8395514753
7930612160
8398716259
8296074193
4559511349
8399372876
8399286823
8399249159
4460747573
8399559155
8352769740
8190043932
8399531222
8339359438
8382732573
8399106150
8399819267
8118932890
8259760683
4944468648
6216398111
8300180661
7965653897
4521431708
7565053778
8400321972
8205899450
8400397009
8395600694
8400520505
8195491783
8400956081
7778223281
8400656842
8400776611
7231375325
8352942837
8021010443
8394670541
8401403607
3342436945
4675897879
8401803257
8402089333
8402413838
7456998589
4638577407
8222648115
8401151579
8260805053
6220046227
7902186709
8391595302
8403827189
6195012623
8019737750
8403967178
5403307512
8400021828
8404088755
5678642529
8400378444
8404356352
8404428204
8254801182
6123300927
4886033341
3840146515
8305038380
8329246709
8347573164
5124075727
8405192214
8318307554
8404893519
8401281213
8391481107
3977112280
8404873909
8405375197
7889367423
8405625840
8378602571
7811406713
4808571383
8405854600
5215168393
8224198236
7618184441
8386431542
7795974120
7147544419
8406675413
8405678330
4798681509
3384994941
7074639037
8083694993
6223993497
8335742890
8407685091
5530900753
8408024306
8096432212
8409335210
8367840256
8409829368
8257035785
8364536877
8265581189
8177940382
8251559816
8254593708
8410631674
6101636368
8410718043
8410852414
8404188230
8407067035
8405934948
5310381908
8393879630
7955585802
8410986235
7974165545
3060080033
8392884805
5485747891
4997380987
5697445502
8410930603
4268082566
8085782223
8411983908
8410861835
6108201118
8410918415
6123631543
7980575680
8412148806
8340428664
8411780582
8086919700
8412721209
8132807461
8243141257
7563884245
8413094312
7893744833
8413248408
7088590800
4897670841
7972039953
6071172375
8413006816
8222418335
4581019778
8413599241
8413185763
7326872590
8410979907
5019328562
8415721899
8301866541
7429743760
8415936608
8415993896
4855482411
4088251511
8416174037
8416246316
7312877887
8389650588
8413157412
7587235429
8277148023
8416638207
8361350592
7848675905
8186042721
8416651470
4872148778
8416692899
8416909901
8416958164
8416866841
7258633914
8336145097
8417047807
8416475529
8342680742
8417254965
4875804436
3864265724
7644130002
7776284398
8417099605
1738118801
8385510898
4147450724
8417420475
8417952664
7955216588
7128717273
3339546072
8417080006
8418189120
4007812730
8292004345
8090502781
8418660297
5015227456
8419741854
8345950345
8296683917
8417733965
2970209989
5587593598
3674515308
8421894203
8416781586
3829157007
8400901152
5634894438
8341899836
8135127996
8418579096
7860452546
8422027448
8235931552
8392693576
8324836820
5577015293
8398428308
8416024124
8425758095
3705911483
8418215112
8426427549
8252049884
8422841724
8426249776
7646029142
8366136810
8356992903
4736889180
8427349458
3348719246
8398512810
8427567769
8223645065
7150555547
4568049661
8431298816
8064440576
8431698649
8364083884
8434250312
8045006008
8433304641
8020547949
8434620699
3920836008
7567714486
8108782625
8295077791
8435628530
8435037961
8435800482
8435819036
8434155309
8406896180
6156046988
7927322005
7482324043
4895124485
7678462085
7605750642
4484114452
7110016162
8437035179
3405229249
8437352406
7629609997
5200737508
8436876629
8438367762
3546337641
8438602938
8438604877
8438901845
8439063861
8435592982
7853265426
4438267862
8438684328
4244634813
4178276445
8439517091
8227006669
7960925865
7171568830
8439510249
8439473038
7907146154
8439855651
8438616818
8418535806
4156197545
8359650952
8407314542
7027140835
8125098931
3518627787
8404330054
8439561329
7582758460
8440907794
6125215939
3843604777
8440524766
8259962569
8440063250
4299448111
4636149504
7907504636
3372979075
8441457141
8436092519
8441708242
7370938615
7318684225
8170556011
8435196532
8440145948
8441676980
5702922884
8435612074
8442753867
7535103604
3426435558
8442935122
8055827423
8435674642
8408073511
3280996994
8446053815
8440405659
3949997526
8392443189
8448175033
7312046600
8435359735
8448347967
8269851518
8255791450
8441562922
7565117101
5486087252
4454434835
6193305694
7184485806
8449136749
8436755654
8449530334
8449414804
8220384352
8442004297
8410387168
5777302786
8449447923
7948370661
8449795615
7312847323
7477766185
8449995072
7600409560
8450123881
8438246890
8450335818
8450497327
8004143042
3840722350
8450596195
8450736226
8435744869
7674363132
4716825853
8450964797
5514904387
8450771249
8442201258
8439853010
8451378442
8451777565
8451539570
8182880719
8451722848
8451562801
8451932319
8452076733
8436578195
8303130635
8426291075
4938003576
8452485681
7254681819
5095669056
6013593866
7675391522
8452320109
5690290376
8453154004
8426540084
8453552821
4077530541
8453964771
8454257675
8454223863
3442054454
7070367081
4211188907
8255254572
8115966077
8451426974
8427023903
8395467407
7482305816
8451385268
8458197868
8458707870
7194694247
8459039445
8459251745
8451891071
7386230245
5412472017
8459216127
8459810666
8205125243
8453722782
6165813838
8450375707
4992864197
3840933807
8462813091
3515291493
8462968381
8255325678
7969604017
8462837766
8464116877
4501126639
8464699188
8439474813
8459649857
8464766354
7227432767
7413868870
7079758484
8355879901
8465062062
8463563553
8109607278
8467944787
7415984923
7199718101
8467698682
8464117225
8469367261
8467524236
5460138689
8401461299
8469153412
8470440407
8470792857
8471847495
7267714258
8472517529
8430817995
7458237993
4052399451
8473923960
8473943221
7795552978
8468342098
8474252066
8474129512
7582501991
8464597980
8474889883
8475223146
5559375642
8476591340
8476795968
8477545903
7675145598
8477768984
5403454823
8459471016
8350401651
8478434344
8478473169
8477357039
8478613402
8473369160
8395446865
8478851793
8442133226
8440277728
8479108687
8438695687
8479014789
5552232818
8474604405
8479627538
8479661783
8287243923
8474917045
7778111052
8480284842
7731610594
7988818913
3728834080
3874115761
8481759164
7734234897
8479852037
8257099695
4895392830
8482253771
8482334342
5060766671
8482432584
8449534903
8482605399
8477284366
7665209392
8482545605
8482336330
8449881160
8482739139
8482996520
8482467858
8482958441
8482388094
5570056785
4053187100
5292490328
8483261790
8482835366
8483441671
4882239443
8483960694
8459134913
8394916324
8483930220
6016809912
4817622155
8430127684
4936575204
8371017844
5189201209
3808663357
8479992426
8484869572
8482857022
8484734180
8484109300
8484305642
8485097896
8485080314
7999534705
5474549203
8265690198
7442389197
7509181855
5847056013
5802119517
8485318505
8482856060
8470003668
8485851761
8484298004
8405079465
8479799405
7208230774
4158941955
8483706537
8486049729
7406906453
8483511877
8485169983
8486577137
8487233574
8442725320
5607637274
8482323587
8488531480
8260852036
4689199191
5447085043
8484917386
8489237370
7817935929
8489565878
8477479144
7637212796
8489904936
8488473236
8479372078
8438538460
2611820415
8478544594
8338884002
7132191824
8193099597
8448598305
7606295328
8490519142
8490021890
8490905568
5237314261
8484397660
8490994261
8294721417
8255942989
8464593440
8453301964
7919990697
8483438726
8491072365
5045487548
8491113528
8491166413
8491458932
4992523435
8491647075
8491650794
8491009299
8492116513
7956610875
8492203674
7313229405
8398207808
8492420551
8440455411
7238899916
7528514843
4870629865
8469822900
4506222830
8497006175
8497498822
8465073567
8291852094
8498670476
5482056631
7008181487
8499245701
8483924806
8499544846
8489548996
8499747572
7245056875
4432104847
7393657291
5624923593
8496917495
8503521004
8503676779
8504527645
8504631315
8504426179
8500149010
8505234216
8499958188
8505864485
8506359795
7258480614
8507848381
8507995958
4868809925
8509338080
8505079529
8509090773
8509360877
8509953025
8510156694
8510761433
3945729965
4112331824
8513395918
8482429545
8515501754
7908025755
8516743299
8517705407
8517866380
8514036205
8519148370
8510042395
8519497094
8511421447
8520290023
8520452636
8335094428
8423025877
8520681075
8520903420
7642289277
8515161295
8521897250
8521989232
8522003509
8522806799
8522315395
8522536113
4414125931
8523455403
8515344173
8491250547
8522319990
8525232348
8525557367
8499070157
8525656782
8523207963
8526405338
8342208148
4758273083
8525915868
8485065320
3537332011
8526853182
8115247143
5585605100
8527393657
7222122660
8527412948
4835945059
8527794157
8429814911
8528409618
7275035544
8503292304
7970230403
8528490420
8528973988
8521602327
8515094856
8529704184
8530128108
8529254153
4341197517
5403696873
8526654407
8531256017
5241818880
8532836177
8227309387
7925447970
8533125590
8512090285
8334422626
8498579766
7266706539
4505518868
8527236052
4950190363
8533933490
8333191544
8534089225
8534208041
8498333103
7133333033
8529208395
5655196231
4219837848
8534861353
8534534339
8534953435
8484796325
3729333717
8535018945
8535460649
8534585470
8535559586
8404033635
8529304729
8149066879
8533422872
8529738422
8535966060
8123948639
8533267052
8536541856
8422879054
8472330463
8536738887
8530835002
8536767098
8531313405
8536995409
8536903716
8536831009
8537196301
8536923541
8537694909
8537959877
8539581214
3880169207
8541926307
8543334383
5626967933
4778513052
8543848949
7462307651
8544235385
8543084030
8543722624
8544845862
8542402676
8546549417
8548219260
8543200963
7008693369
8540139010
8548766442
7662303658
8549893324
8549994713
8550250647
8544740426
8549768271
7995640015
5495017530
8313859419
8550321486
8556088890
8527483176
8546125414
8542132471
8537072634
8530118355
8556758010
8410540505
8549824674
8550236789
3806276976
8526906844
8427639355
8256319539
8562864602
8562993388
8562094908
8335501179
8394602038
3578203978
4905870580
6043262876
8564818778
7243902630
8567776939
4636316752
8568206950
8564443078
8568597672
8567888827
8569141401
4627517256
8550514739
8404688833
4628623553
8570235872
8563664830
8301732334
8570670415
8570731563
8533924982
8401416409
8571678846
8569556244
8229817088
8568843227
8242950024
8574134341
8569246701
8569142511
8523569028
8574795164
8574623514
8399900824
7145976975
8153376339
8418503815
8422212961
8562816287
8575264902
8575609303
8574369345
7982460397
4627269669
8221469844
8575583061
8575460752
8576311504
8563333445
8567306732
8575797056
8576704416
8473914430
8577004440
8576826466
8537619489
8577014777
8012661417
8576044095
4694379916
8577075715
8543924297
8341127429
8581426320
8526619601
8575531532
8577455836
8579034552
8582253452
3662896640
8582427808
8582344279
8582396270
8582453745
8581991293
8573089574
8581817022
8581537522
8256704927
8441161849
8111039471
8583124010
8583575788
7796156955
7064911424
8581651616
8583986845
4853509092
8584439266
8584541367
8578512867
8584889564
8148440796
8583029726
8549843578
8585433677
4936933191
8584881016
4856017855
8575150602
8585229948
8556165740
8585297707
8586848055
8230517901
8587071148
8587393587
7806225640
8587745034
8587528374
8585111034
8588992771
8589239158
8222753436
8588840179
8022665944
8568702095
8589701334
8589076097
8489594736
8574155277
8590229726
8549942713
7453658589
5268916804
8590651477
4478927912
8585112873
8590208727
8590938892
7484240203
8153593028
8574396416
8591144580
8570031433
8585005530
8367752175
8591424213
8591098983
8359513324
8591344923
8591641332
7977719347
8591602984
5088937883
8591837977
8590533849
8230552618
8592238287
8591713162
8590382071
8592757659
8592533253
7914265394
6185702135
4457701693
8593966486
7105405323
8596894510
8597885404
8598321901
8570480206
8482640702
8599373823
8599133031
8588954142
8599575224
8599599936
8520320831
8600078334
8600022992
7660981110
8601347411
8411242072
8602382429
8604310554
8589163146
7035354268
8605788653
8571191557
8450536620
8610251023
8605798580
8611421594
8611904422
8224188484
8612185820
8611532523
8612464304
8598723250
3141414134
8598688199
8616128207
8612288996
8610958703
8535610509
8592012347
8618157270
8569496839
8576767004
8612621199
8515801856
8618553566
7608364928
7563422738
8618919910
8048529905
8436846237
3852670082
8620027088
8579034632
8620192143
8237882057
8619054866
7876428642
8096228692
8589982698
8575699409
8623008915
8453125997
3348477605
8508191517
8404498953
8262188240
8430625364
7978080649
7271333040
8623727460
8623952500
8618960776
8624462148
8161563508
8624830672
8624599120
8618369176
8485052426
5555375494
5580663011
8625576257
4237334599
8454367718
8625635328
8187955433
7941570451
8576295274
5651660428
8585493484
8627227707
7599386462
5060398653
8409496869
8393804892
8628336358
6015065036
8629086649
8581184760
8405705143
8630158837
4162314223
7584361346
8623591819
8631313980
8615047393
8631250327
8568112004
8631650488
8266532141
8631749323
8631968349
8632328136
8626143576
8631921127
8612376609
4934570714
8632872255
3819942456
7598000633
8633139824
8368706233
8631364656
8633607830
8633606181
7940679089
7036728540
2693737423
8633140683
8632249857
8635181606
8635377469
8314683817
2985028033
8485710847
8635647871
8616410520
7896166997
8637550779
8637831241
4859766688
8614749254
8639863521
8507798978
8630966955
8639828987
6052553732
3692029051
7487887698
8640885573
8640860237
8535269981
8639477731
7941302568
8642075337
8642493182
6005088981
8642719540
8631811269
8642634226
4875869360
7555502345
4102719889
8430673933
8143110073
7859247498
8642117222
8584875271
8648582702
8223597471
8648642761
8609879865
8649829250
8643800990
8652828421
8561053954
5074378986
8653055449
7031002459
8454176124
7882201254
3430507518
4884011950
8434497876
8657456845
8657724468
7747311488
8659912212
8086005747
8551649748
4517901085
8661584975
2958736160
4836875671
3211077426
8663214186
8663040636
8665026322
8660382841
8655189616
8655920216
8667345212
3760650473
7930289470
8668453853
8604782841
8535356700
8205084538
8384577859
8668769535
8669442310
8489361183
5421968087
8669543885
8537134152
8669753592
8542416989
8652792069
8671327723
8671544058
5515922663
8410270627
7116313809
8662647734
8574589248
8520824625
8508948831
8674166481
4517848333
8674687413
7077881744
8520689751
4223366023
8674864091
8670190829
8119261344
7166846690
3888829783
7140846425
8631417884
8584771204
7175205339
7607314938
3814757377
8677997905
8678244888
8674941215
8678810131
8679275077
8151051715
7055579533
4727067714
8018571223
7227227799
8231210369
8681049881
7280081303
3430676279
8681562414
8681580690
8681207373
8681995112
8681982795
8682314417
8681728505
5472394333
8677112826
8631080919
8682755405
3939552160
7876314517
8683139317
5824857204
8577528100
7899814133
8577971841
8673770691
8682572475
6107231694
5426908945
8684311201
8567468879
8528603200
8684611700
8684785974
8632173174
7988764571
8655812654
3578195318
7849482737
8685067472
8685222425
8686405269
8686327283
7267128133
8687032848
8691122413
8687204597
8583970107
4955349947
5278888545
8693165463
8673772059
8453262476
7601805573
8530526187
7543024140
8694507729
8693024091
8692561879
8000194927
8699190746
8653849117
8662350771
4837396028
8701265800
4909878428
8618674139
8475422438
1056990627
8702221845
7968194386
4071427506
8683025974
8706775589
8705169481
8703181870
8707102869
8710604077
1813553914
7987962502
8699150512
8710595550
8711930641
5866653072
7055863928
8712571520
8673689621
4721019841
8711600840
7931145181
5416367800
7074406755
5097013769
8714307552
8713306284
8715025630
8691389040
8701421059
8716401343
8716423407
4206577770
8713972108
8118276266
8719299819
8619174736
8719781755
8719712072
8718878909
2982135280
8677866204
8720527600
8287319317
8721274976
8578326871
8721365969
8707678656
4753107856
8722062279
8723068400
8724616177
5095761188
8725860224
8558614699
8586502343
8726781035
8727012579
8726952788
5324955490
8674844075
8126382111
8720772223
4674817414
4584232070
8711931480
7429746893
5743145466
8727268647
8727076470
8611950985
8728616953
8706523331
8729102627
8575152154
8729393042
8729256030
8729454682
6064267601
4965176790
8730861490
8730328371
4237985880
7441731847
8687050213
7563832315
5152408071
8618484457
8148627579
8729440075
8733714949
8731574042
8728573125
8735244417
8735149530
8735396120
8731785157
8735475249
4712235261
8735678314
8727464983
7639933877
8735244191
8090149267
5726224523
8121469366
8735105523
8733894214
8623198014
8737248789
4639760368
8708263319
8737506146
7817607568
8738183977
8215821118
8738460942
8736500410
5673387893
8721381659
8738602759
8725554364
8738809510
8587174628
8738374595
8736489049
8740081224
8738071942
8741110212
8577751178
8743106626
8738235989
6154411634
8744134599
8744628237
8744641737
8670395768
8653500296
8746002938
8394247302
7238975114
8736496550
8745030964
4845313649
8746445232
8746329126
8746816663
8740956962
8749873999
8750196863
8751240173
8591646644
8751812869
8752068053
8752656956
7795048642
8752693674
8746588226
8753748674
7205295965
8509584884
7456181646
8328848798
8753968529
7142219376
8757211574
7680102397
8754126303
7132651202
8758151702
8236835304
8746257100
8757939354
8753013890
8759532581
8759524171
8759573209
8698142598
8759686021
7971231224
8610607482
8760922202
4623447671
8761200299
8125952728
8714902932
8761605688
8762833030
8765001570
8758972109
8757330342
8765476340
8765512161
7298918951
8765799857
8147968683
8766654348
4762522951
8673057998
8768201649
8765454807
8768249810
8611712956
4969702540
8694877539
8699616014
8587104605
8294629254
8773527337
8773560820
8767084150
3577752938
8004029191
8682849196
3743734476
8774902867
8236980024
4440058356
4977911504
4882622816
5055066566
8776408130
8776496871
8739675529
8551190813
8777178691
8760517032
8777127631
8256873994
8776711372
8675614640
8780756454
8394912672
5859142906
8224798819
4093874818
8781694458
8781471871
8781270073
4121680532
8626179676
8774679128
8027856961
8782458466
4063959544
8778608665
5725526840
3169212574
8241046148
8775164706
7080485413
4955748381
8782487098
4453726432
8784248800
7509755008
4919054916
8784812644
8784963640
8784923615
8053376474
5737679332
4734716472
8785062360
8785495155
8785650522
8784035815
8786235566
8735517787
8699733633
7264545311
8788584142
8722362579
6181241472
8536789506
5147174626
4053609123
8356145395
6013022663
8158447207
7668512060
8225046495
8790909350
8790901683
7411115322
8789876689
4206813631
8791117072
7098835813
8789425596
8790496045
8791294264
8791478768
7899642378
3325219606
4372546860
8752880796
8791784071
8791095830
4318859566
8782535799
7239098244
8510605827
8792408244
7556207255
8576873876
5157048163
6017744084
8759294766
8793454384
8793680968
7602144874
8793863489
8793647737
7860447903
4200901264
8794516607
8149503048
5508321275
8794299699
3450410760
8629350329
8483358835
7117511143
8788857259
8655853342
7337504701
8797967959
8793081525
8791938577
8798141985
4368493663
8798271107
8792924621
8797841751
7424161906
8798817509
8764666599
8799357064
8791918145
8799567275
8799627763
8800836943
8791531312
8793766485
8800891420
8739207085
8800943795
8801996603
8526506419
8794946911
8799124041
3942303050
8296397465
8804204474
8804415572
8051033678
8782710433
8721617759
8804894651
8117099513
8291913136
2946693022
8790261985
8257180787
8805971701
8805824223
8806106448
8405444735
5849356456
8484545689
7217469272
7872647236
8806429009
2946753984
8483220768
4886470691
8806573900
8806304780
8807241425
8807291904
8807658561
8805985619
8807931454
8807985873
8219274894
8793102109
8679469357
7247851282
5670736493
7427238427
8808236816
8808579529
8808680184
8808683281
8762370283
7637001030
8808248589
8808905860
8809069236
8799044319
8809546560
7505775743
8803512561
8810592974
7412808266
8810223491
8809090859
5474344579
8767456367
4221270736
8807029913
7366365646
8813345996
8807727411
8813860738
8813918054
8812990572
4986109703
8814372373
8814370485
8804964694
5730326336
8814637077
7052181465
8814971236
8814549930
8799351856
8017226019
7607923103
7393206328
8677838497
5148700240
8815607918
4902127346
5848105906
4675538482
8816443951
7184233611
8816035098
8816922804
8806205008
4268740084
8816351311
8818530809
4598592719
8820318022
8633288701
8814690900
7892735498
7989468627
8745032117
8808412580
8813669356
8816957700
8821539430
5004677376
8820885168
8821964590
8081449541
8822804538
7867365584
8822767714
8822759457
8823081270
8816515707
7770842033
8804829984
7154516990
8823335377
8823648533
8822077954
8822655086
2901648892
7676219446
24289864
8824054245
8813124586
8824728061
8824876041
8810040366
8795571167
7308197223
8828217032
8779514824
8823046035
4774401617
8624098446
7796411119
8589250170
8822472851
8829459343
8829420223
8829511960
8793785968
3510171992
8733401328
8809167994
8829606063
7094557487
8830147401
8737117546
8805413270
8830720199
8830899441
8825795837
8830921578
8831204661
8368157843
8829804765
8825580575
8832396773
7864757782
4988028509
8515322492
8831197213
8819225548
8760927423
8834642358
7843803746
8817855490
8833337993
8283619191
8727066346
8837914278
8623810978
8838510852
8798948002
8640715182
8838610142
8837915175
8821880296
8838899878
5782907453
8823044013
4655267099
8836700805
8814388274
8800068714
8839098125
7591746804
8838284829
5398746725
8840332952
8840821699
8789659849
8840949466
8211296913
8841457115
4014074432
5142828378
8835518601
8841923630
8842346828
8450062228
8219367047
8843228102
8466418760
8844343751
8807954946
3837747432
8752213115
5459325004
8846230595
8846421453
8846885080
8846872505
8843032120
8223660911
8734424861
3453433246
8730164571
7352015180
8470503910
8085777819
8404844825
8847118613
4771579811
7103667528
8849994725
8849418728
8827992827
8745561780
2853409686
8849349645
8760809652
2893396022
8844002849
3444375697
5403463687
8628204656
7508554102
8848790093
7409377257
8847996338
7849483489
8134940518
8857256635
8825885559
8857494737
8239816756
8214045848
8842653914
4109988515
7777547322
7058897015
4492449658
7589288039
8858456776
8768939678
8858517446
8847870489
8464942105
8838739795
8845540934
8859496146
8857007526
8833196648
8859039752
8852322955
8292604649
8860353206
8859331161
2439553728
8799815633
8850390590
8860605487
8842541405
7505752613
8850166170
7620316814
8850969701
8862638697
8838576625
5110140173
7166376607
8863915458
8864455716
8857295582
7268116239
8851934100
8865918841
8866070239
8865985340
6017271707
5653880343
8867273635
5414250882
8829600621
7013066016
8868234218
7074021424
8868481214
8201280787
8706196112
8571136744
8406420440
6036423055
8869138061
2860884162
8869574559
8870546249
7536557612
8692989777
7136106117
8872986142
8592285294
8255137871
8874044156
8874255618
8868126941
8869026271
8874582293
8874935433
5184276251
5567179869
8868135621
8876525152
8877143283
8877192440
8722357697
7167687156
8879990274
4434909742
8880235329
5469184030
8880978131
8881496489
7977921776
4800999487
8881956328
5378589330
8882064480
8777636287
8882456704
8875991634
7396750386
8868846992
8882952627
5565878466
8832474958
8882983485
7374281270
8883199587
8843001472
4802288374
8857854907
8884037047
7297664228
8876047331
7318598948
8882913001
8883351947
8884615135
8885599810
5191015011
5556264350
8806983752
8094177436
5600799696
8889240253
3874986601
8889698934
8888926584
7876765763
8886795376
8889869272
4234821652
8372044134
8863846252
8883334097
8587612053
7121211425
7373675420
8483013340
8805955345
8890904225
8890179518
8891073409
8840629816
8229532360
4868138524
8891261859
5859680809
3502604119
8515919440
7279830032
7180676918
8527197993
8893329406
8435661504
6012304596
8893962584
8746737144
8016414008
8895457846
3619468101
8823436771
8897071200
1384193707
7698009847
8857944915
8896935064
8898539205
7396475800
4981296024
8890458994
8899403219
1994649607
8727980162
8557988438
8882002935
8899907340
8898714989
8369445353
8900337571
7725780025
8901316866
5265273744
8893183352
8901766268
8578282275
8886935953
8905873589
8905975789
8888349108
4677059631
8869747869
7670201128
8880481696
8907268496
3691691331
8908164213
7251847163
8888951470
8907961185
8902510439
7686957632
8909040464
8909075533
8230962776
8606423920
8909841507
8909936645
8909032079
7564144842
4042105708
8262331425
7289073784
8821344561
8910646608
8910914333
8910930979
8910918599
8911051217
3703387804
8790668451
8911484984
8292746518
7419164931
5082101780
8913165259
7543865894
7838554103
7433338389
8329898517
4931057422
2721425666
7875856959
8916627895
8119750510
8528951595
8917733756
6161426667
8911751018
8909828386
8869455370
8201698873
8624310735
8440151454
3951397325
8911579495
8917094701
7589883080
8917284774
8802649241
8920324336
4397220384
8909626598
4091172912
5553532632
8921592224
8921996642
8918211199
8923690526
4810196311
8065058857
8921934174
8924627280
8924606185
8924432701
3358931506
8267332094
8922653062
7888754665
8925450630
8899955044
3069505300
4004862619
8925661930
8925874292
2932513685
8926166164
8925957463
8876755708
4617690239
8447912127
8926887026
4890698091
7166437757
8927403695
8643072768
8928494751
8928852724
8927194014
8224964797
7877314646
8927596975
8931771815
8931685174
8928861776
8932069669
8900904182
8492124189
8933047771
8676275781
8932937698
7982679201
8933507490
8283473983
8917531236
8933366675
8765488369
8934084259
3706344774
8933162134
8934489353
3162790025
8934563561
8929316059
7461702688
8569445632
8589744502
8935745964
5577121931
8936762038
8937950915
7487540667
8935618935
7607701572
8934409903
8936469261
8940760177
8940964509
8936582946
3288675601
3930872750
8936287289
4808617908
8942276940
8924241548
8858851000
8081108710
755496086
8932985029
8536711892
8876445174
8742955798
8674570495
8944444774
7098982918
8944776331
4927155589
8943234419
8945088447
8947897494
8943598926
8942510304
8948216893
8582242152
8948399476
8911772174
8801824440
8948637863
8939708116
7506255577
7869940125
4952970330
8340291479
8949086804
8677786237
8949679828
8949735043
8948729995
8950089302
4561746439
8635496096
8949713732
8950430935
5140062775
8949710428
8950465455
8950635093
8951245271
8592306045
8926597544
4959173858
3767196590
8951862064
7865087916
8274864886
8952617890
8900049762
8952804268
8949961662
8939853414
8954222306
7978978330
8953968216
6101953872
8065861405
8955490301
8955642963
8940855087
7288871451
8944467030
8952321561
8790687401
8865121437
8789646933
8949436902
8956677363
8943791656
8674916365
8957667031
8948759810
8267649745
8958375915
8958598430
8951345984
8940127008
5398340586
3357606510
8959200217
3364347075
8793002973
8959310847
8934568516
8950621632
8908139986
8959073861
8957540545
7471055673
8960311647
8960765557
8960776943
8960634149
8940047379
7641936026
8949962438
3388589847
8885122306
6016075190
8898574407
7545971720
8963437191
8963618035
8964089415
8964008754
8963625451
8964703230
8964873649
8960990139
5566317931
8959576930
8965950847
8966828777
8967545083
8967246818
8967775770
8968046064
8950051440
7849502795
8960709341
8968781998
8968374378
8968933664
8967892623
8949387769
8962129150
8952841034
7982085206
8963719688
8970150899
8838790337
8259762256
8765563409
7190133117
8970862362
8911325390
8972031353
8413429626
8770205106
8143119070
7972320658
8544482644
8974983042
8969222444
8693257738
8932414159
8863850478
8975475012
8881296708
8977066795
7264640253
8937813040
8966457133
8898716911
7898250902
8968776462
8978135610
8063674055
8174300223
8979214888
8979345232
8979611723
8961142172
8830191268
8980337037
8975175498
8980789091
8527464568
8915872701
8983865246
8984699151
8984528155
8979601355
8966494679
8984676224
8893191490
8985824221
8986042022
8901282254
8321230010
8934318574
8984376191
8987235096
8334353714
7211500061
8988708130
8989705564
7558942119
8990718611
8988522548
8986379601
3970585724
8641291468
8993220348
8984167691
8986731754
8984841018
8993983981
8885608886
8994732196
8200049052
8941516891
4110526416
8996624438
8997182773
8917502203
8878305841
5754843446
9000941696
8993810496
8351357230
9002117588
9001803435
9001940234
8356798946
8924206362
3794864107
9003546983
8987859917
8995031513
8300600700
9005003044
9005332179
7552909022
8355545070
4221870220
3497497067
9005257730
7528517751
9010475712
9011616872
9011795742
9008506756
9011787192
5415305725
9009588782
8992257925
9008395237
9012408963
9012503663
5608582599
9014649596
8296128290
9014686071
9013172691
9016887116
8993262766
8997629779
9018390362
9018820164
8849906447
8950499781
9019463081
4200789594
9021310945
9021241277
9021373101
9021399015
4136375080
9022217420
9019571845
1531324373
7889300718
3603119240
9023400331
9009222996
9006356086
9024536268
8439859557
4283337065
8935060370
9028476340
9022892925
9029122807
7626143782
9027613433
7196344545
9020769246
7622307616
8482502100
8622286647
9019310532
9031108270
9030794878
8480203659
9032280320
9030723570
9032322525
9032996898
9002436387
3737886509
9038167392
9023460301
9003171671
9038241826
9038062075
9038606930
7371903785
9027498170
9039113422
7363342323
9039987367
9039241436
9039938836
9040588157
9041023535
9041009596
9041838692
9041785425
9045416587
9045459720
9017309025
9045946089
8965802581
9046346553
7397152557
8575166378
4817033730
8959521439
9046117564
7022800917
9028899165
8968769082
8969402220
9005432235
9047467476
9023680937
9047590063
7122330785
9047690916
8942079564
3977620871
8223920955
4840328742
9048715975
9049106409
1521081186
4456482159
9049904428
8925364737
7320560883
6156555337
9050444161
9054004113
9053627695
5671088797
9020953972
9054806611
4606842211
9054901739
9054217071
8984995383
7221676787
9046463503
9055067384
9032228022
9055512918
9055539490
5731269363
4296992036
9055741583
8978382198
9031593021
9038584832
9056312640
9056081238
5651406664
8992865526
9057115557
9057579310
7064556173
3348592693
9057838828
8828891582
7113402835
7419169104
9058584755
8599705909
9006857884
8775931930
9014053805
9048387794
4955955098
5504842873
7204055071
3133399961
8282403326
9063102719
8636991464
8948498890
8908528255
8388764066
9056517673
9067125477
5673018466
8727453221
9068035511
9019229663
9062667543
8898466345
9064915743
7504060247
4202783107
7065886479
5087456807
4936814963
9019644061
9056540509
9072661050
8610793469
7368500806
8505712196
9038043196
9062610039
9073265156
8015768484
9073411377
5630908919
7407717594
7971693737
4759488497
9080120254
9080060289
8856084817
7919425881
4788072911
9081808261
8905683888
8007611358
9082851493
7882052479
9082927612
9083031383
9082962513
9068233218
7945322810
9079465327
9051921929
9048851938
9062810232
9085649044
9057670803
9086745627
9087024203
4030237329
9088181166
7230624701
9090234511
7772519181
9054545181
9091589850
4095951936
9090461799
9029061532
9091755899
9047049895
9092329946
9092706709
5039294567
9092477314
8618510567
9075891280
9071143746
9078393788
9066590371
9093551420
9093266069
8847525258
3414866439
9038319920
9072697823
8533356497
9029806703
8885076864
3163830930
9096495053
9074940424
9099783026
4451283824
9081142011
9100523856
9049598942
8328305786
9100563631
9100347128
9100406736
9094513595
8789315263
9101109737
5594037390
8585969097
4497297529
8737512267
8750175058
7484538804
9084648643
8730941948
9101355575
9102386198
9102571139
3850106621
9103136379
8107550037
8962781532
9092042331
9055915522
9104020926
7422824455
9105678836
9106075784
9106723338
9062108761
9108021471
9104049282
8079697308
8745787829
9108167658
3744318375
9109114472
9110073127
9109522351
7229877968
8774219522
8784141248
9112871014
9111881743
9113936871
8928408263
9109160520
9111714121
9117109398
9117568633
9117537451
9116990639
7364762892
9117990846
9116855430
9118440845
7991443924
9110202357
8882962696
3811835635
9092238246
9119493629
9119372216
9119822868
9120536811
9110683730
8919062814
8969842387
9123009333
3921929093
9109558467
9107539653
7264330223
9124603749
9125956238
9092259443
3279035697
9125996551
5019208850
9126133534
8007402383
9126907744
9124140544
9126981474
8849309295
9114876166
6147792535
8910450393
9125933498
9079784205
9123977226
8283340197
9111359873
8911965504
9130122298
9128795146
8926379212
5515944517
9131506186
7026205968
7612717243
9131137058
9131956548
9108274094
4479327707
9121274603
9135032470
9129970048
8340285630
9085758324
9136295546
9136369539
9110396113
9127162281
9130388950
3124711223
9136593956
3494502942
9137217374
9049746258
9138003974
7625114202
9109358975
8328831354
9129307282
3313285535
8000393182
7407348571
9113649492
9094115144
9131461264
9136984834
9108624015
9136171439
9108387886
9139747588
8582949545
8974710964
9122021970
9139943147
4908850248
9147963890
8437914688
9144725860
9100679078
9136217547
9131396287
7795216488
9128374863
9149900035
9149727836
8909418025
5792584212
9149489367
7181406112
9135863625
9150472507
9125648193
9150779993
8251633572
9150281108
7457070996
9139008174
9151383962
9075368391
4781775431
9152416326
7793600511
4989520048
1225610002
8790784925
8950630851
8588836212
8032847869
8369205983
4063707353
9101100108
9158477291
9041572022
5697578281
3961918804
6125497679
4933928983
9160677274
4927140621
9160659182
3168373711
9136236794
9162185819
9162832544
7740658738
9138285316
9163456233
3799402241
9164640465
8997814341
5255784466
8727582553
7189881356
9168113376
9160368488
9127817265
9160070877
8801162548
8276700013
9170022637
9162138594
9169067815
9170159868
5801725259
9170697699
9171143661
9171204511
3214291852
9170385594
7920271794
9171703836
5702570871
7262775960
9172760240
8384603066
9175349171
9176698522
4475578220
8404718068
6065158953
5160261545
9178517489
9171652867
9173848767
4394825042
4938278580
9179332940
9158467226
9001171161
8008915503
9179255140
5330499717
4143544211
9179728104
9179777552
9004180179
4077721101
9178689214
9180304089
7172451192
9180825947
3718674398
4765579389
9180675041
8880660408
3341455014
9163954787
9179137440
9179960572
9179255946
9181085222
4068000054
9046602639
9182198414
7216895909
9108552206
7717471203
9183736765
9183746246
8988593184
8924029351
8822228152
9184677093
9182533031
2953124349
8439748707
9185380595
9185835393
9181116055
9187162255
9187338383
9187939765
3450022619
9179542975
9164457970
9187204249
9187499689
8333834148
4206567560
9168792367
9064831669
9189548561
9004652930
9187529980
9189768261
9169843942
9084762969
8814741992
9183161649
7849135941
9191003635
9161112030
9187471700
9190298049
5030583668
9193045277
9193064670
5175713476
9170754289
9193029721
9169435614
9152572634
9179397890
9138053691
8798511550
9182857188
8853174395
9193951413
9082857464
8451111010
7829917143
4940646415
8139686910
5009515122
9196501979
4046714607
9190312658
9190496515
9197076987
7501506149
9177788324
4927879265
5265121903
9179554906
9169311514
9056964136
9198692555
9199419302
9114704547
9199645239
5286778847
9180224193
9135074928
7945102830
9200166584
9013032112
9191194782
8050229174
9201853035
9081711305
9050141628
9198937830
4916596347
9206375602
8117145904
9117066495
9206375700
8464349920
9198179118
9205261205
4698379479
3261417193
9196657595
9200837381
9207388677
3739147049
9208361745
3578775667
9207995122
9180201638
9179008820
9159920975
9116291882
8409556276
9020180571
7527317430
8251063794
2799508149
5569816740
9207699462
9209543280
9072273474
8989972438
9210647214
9179912418
9180541244
8682554694
5169214242
9215025458
9205824378
9211073660
9217035858
7864269707
9023365722
9217445134
9217115527
9190227342
9189751751
5744354427
9139462887
9149780868
9218464013
4567341646
9219752977
9219848212
4108585909
9218560682
9220071376
9207739424
9171504263
9169418290
8953006597
9220428502
9222075533
9221846645
8162422675
9210249494
7070380191
9211372747
9222710982
9222566530
8913436073
9223622862
4489089116
9219642757
9226840946
7876958901
8037751773
9227322448
9227365233
7898451668
6048176259
9220126344
9227959244
9225676740
8492822086
3495167638
8081053939
8745275068
8722176328
4482495244
3466121466
9030122047
9228737983
9230465475
9202923439
8262832651
5060163953
4254035689
6193749824
9231431407
9204232202
9187695240
8283674555
9082102219
9211042757
8981330401
3852093056
5450903427
9235842225
9231714393
9229848499
9238206628
9103009594
9232298092
9238706681
2968682356
6021559549
9239330819
9217647168
9150883625
9188580993
9229844944
9227631955
9037411121
9230404344
8235947054
5537964588
4930791721
4013058372
8924047418
9241066488
9062882479
8281824149
4002993346
9241296959
8068445091
9231343600
9231064775
7983534036
8977058284
9038523852
9239346055
9243502377
8931915731
9186970792
9245188744
9248260317
9241930487
7319994797
9249317063
8847467313
8838663005
9010936835
9249607683
9249436406
9249522207
9080179389
9250080566
8899815426
8370804436
9232937709
8458038584
6054542069
9249483706
9082289486
9013685948
4813813250
9183825864
9251388611
8605080209
9160790415
4399110036
8943385299
8345965548
9253304646
8922692263
9254207726
4771672150
7416912245
9257601308
7924949039
9253785924
9169365577
4125322192
9258925608
9037138927
8899790692
9118797924
5246671051
6036971914
8711207684
9259435882
9259514176
8080534798
9251557747
9259407314
8388692220
9260056764
9258283598
9234163490
9260209680
4877928249
9164984260
9261869648
7231784138
8159770780
9127988875
9253244964
9196592520
4798667317
7129486397
9263383082
9263588861
9261453673
9193713709
9261753867
9267034483
3831641193
9242076866
8371614666
9259685274
9260030684
9257590963
5788693505
7409708620
9262541679
8968739813
9260892234
9268452708
8188821532
9268703391
9125200646
9267591119
9257655848
8722015929
3977271066
9205144409
5761153072
9269712367
9208257078
9270028888
9270008935
9270798322
9269986724
7256267269
9271040680
9075046216
9270473717
9260521779
9180050151
9253623631
9273779057
9271790138
9275338288
8360875309
5863120368
9276183912
9276190108
4242286907
9276252105
9263785302
9277168203
9277330386
9231604027
9252419507
9266750564
8683913109
9270112404
5369190247
9279315664
8866302380
9201728376
7793699628
5111282286
9279970414
9279273775
9285245387
5690988170
5751928003
9211701754
9285503801
9284085579
9286019633
9285959567
4390171969
9194872989
9286984559
9287295634
9287175418
6057816073
9287434566
7294095171
9288500863
9004453294
2919472534
4723034978
9288322314
9197891215
8722427290
9290062950
9290650232
9290720450
9241067473
9262668060
9289060412
9192010329
9296386920
4084980104
7007995086
7967893025
9095038047
8005511304
9295627687
7430448159
9300537759
9299364394
8278557060
9301503397
8340488336
5653933178
9207531230
9301938355
9301100502
9023277536
4882628146
9299259190
9268706295
7605758109
9303553730
9303891199
9304643067
8901179585
9305131344
9305176369
9305040183
8328526031
9173710890
9307353841
9308459074
9301858702
9300535973
9288963940
8983557330
8842102164
3518056080
9310249646
9267989635
9095053514
9310511564
4605315835
8888136568
9216889475
9311808855
9307803405
7897926225
9303788862
9311286484
4411031514
8939283866
9309723853
9313538771
9311261250
3974983795
9313907786
8059743223
9314756695
9218339739
9318633345
9284798431
9191650704
5152077744
2984444848
8940397945
7235549076
9314623721
9275839470
8919785815
9278459289
8297275089
956950856
3719862232
9319514705
9303845767
7974295362
9321200163
4299751764
8435570159
9323273447
9127780388
3749915777
9018220246
6099887395
9324143879
9221213406
5397533322
9324246683
9264441032
9316676031
9328420804
7611928989
7883014366
9328798896
9328957152
3776353085
9328713801
8582860828
9329145050
9092617187
9317800622
3216334402
8976775853
9206999837
7955377427
9330011921
9259099316
9330136730
9330314864
9329573337
7424673348
8921202450
9331764037
9331669436
9332481622
7221695338
7355841520
8961927290
9335795054
9333137219
8892185201
9333946661
7871042058
9337444107
7082399412
7989095915
9339173926
2921899767
9081305520
9338840246
9113648674
8340728952
9339567951
9339449108
7961581909
9339821956
9320407845
9054525990
9339603187
4989467727
4123888909
8692596678
4300338226
9341443598
8089832350
9341024268
3883731621
7318486380
9339921593
7370962512
9343086751
7812887667
8591079477
9312683744
9311343926
9343707690
8837846793
9345757122
7875966656
9161313028
8759606364
9308675630
8861186135
9347141335
9340188714
9346428469
8598511140
7616408008
9346615711
7942611043
9348034258
9313353034
9321585972
9348550823
8269654416
8301189884
9293945844
9338208976
9349820805
9345672239
9350284487
9349959127
9339145057
9350588298
9020058056
9350047943
9350805607
9350635000
8009452266
9353189469
8941788520
9197994674
9354224334
9348745546
9347913066
8992349410
9338917759
9355770909
9357282593
9004269646
4683060071
7528627454
8874509984
9357791291
9357939516
9350742683
9127323003
9360381685
9358983836
5868904647
9362724506
9253117704
9366841741
9368238281
9268039880
9369982997
9352331391
7956726154
9368803707
9358632333
4228572578
9371248725
9371273757
9370670391
9338403820
8267552990
9172265190
9375356764
9300146106
9378532391
9360194886
9375073833
9382145568
7413394054
9367862140
9386898966
9304737964
5635330636
9381102137
8860426860
9388260874
9388499703
9388928144
9386706711
9287315543
4899026461
9354031146
9388633153
9394367016
9401471123
8085077416
9336660969
9402370763
3530947511
9407661672
9410794545
9409625186
9410325551
9227021494
9396594701
9067959427
9186516989
8560776055
9136138599
9411500866
9365026662
9415191446
4943575754
9124142934
7842570648
8701126748
9404168971
8543587285
9417698279
9417706666
9409131520
9417500885
8256920876
9418194518
9415792819
4158977681
9266513669
9181231227
9418967125
9204951754
9418627156
7409295147
9412078918
9180037541
4977636039
9421617515
4994374790
8805491119
9426029429
4714864070
9418413175
9427258180
9427431947
9426626549
9427552526
8433032957
9427865360
9245492342
9428558325
9101562842
8396993958
4889660345
9427590195
9427907339
5828340516
9103854164
8041137081
9416735805
9430015387
9429698719
9431419000
9151508762
9278366474
9438009798
9439672272
9439751977
7641119404
5426504296
9438353081
9444701041
9445201822
9445468275
9310498522
3945059101
8544013878
8677561930
9446279771
9450821644
9446072074
8994753065
9454351628
9151276537
9454333989
9445830987
9455517261
9385696021
7488693335
9464906335
8370506802
9465974607
8647865389
4809988202
9453787705
9321525999
4306627315
9467229254
9471660715
9471231039
9345603540
9471734753
9472643675
9410793285
9430586177
9453691864
9471608183
9474048937
9413429806
9474456108
9474418015
9473742119
9066401383
9164800832
9379308418
9474294287
8726989959
5217394674
7863385281
9473376361
7505157741
9468512497
3177193146
9466772082
9393796037
9482241257
5682511275
9483275506
5219485399
9417190204
8655718704
9358270182
9471971404
7612321877
9331258702
9485558876
9453028483
9485846265
9277780608
9252203901
9485977726
9487410326
7725960487
9487844474
9471953784
8790727682
9491002065
9419695965
9493244272
8838798801
9494105003
9339029327
6143974850
3576736947
9476219291
9503023010
1489205309
8270340833
8721037590
9501927483
9484437114
9480391429
9492401086
9510749490
9072241492
9311193876
9502287878
6074572473
9468521306
9516674596
9517530138
9484928482
9432313628
9467016857
4069463998
9346951456
9524865024
8899313425
9529615782
9524598082
9529378162
9530289250
9485148740
9472794530
5598177841
9019926867
8915729285
9179767387
9527952304
9487133608
9267297573
3838522649
9533695080
9533369914
9534229831
8364796882
3944905036
8537725321
9358612345
8599752883
9304535208
9539946283
8464033441
9526441147
9540867885
4210230109
9531923665
8060781853
9471968536
7326195176
9541311480
9524267504
9543828869
9403405165
3964060698
5011590580
9549190575
8781759650
9278235790
7873102206
3134238171
9548974536
9555136495
9559918733
4749752177
9563222094
8255373772
2808448292
9523663149
9543420262
9571868453
9576357114
9577059920
9576871668
9557972972
9531160937
8915776098
9551714518
9582826178
9583067319
9577459882
3655521663
9580617537
9269520135
7156663773
9305753127
9586047284
4664547951
9585895939
9559618647
9367876960
9597411170
9019437902
9598547407
9526556139
9602913804
9580146384
9607224096
9610664926
9453228307
9099685166
9612744229
9613591024
9614485358
9617405065
9618350992
9618242115
9090234994
9274429826
9618870139
5163546955
9616307147
9618440569
9619472051
9080714807
9615719200
9620548296
8851086962
9606529163
9624333880
8792588814
8935588602
9622099453
7998694011
9624368973
8053262987
3079172691
9559103785
5142884266
8927816995
3633223730
5083408767
8558039876
8950267716
6005047694
9529951332
9630915700
9247696922
8995448045
9624145254
9632062040
9082287067
9632439140
5079114789
9626803382
9633017162
9633086221
9630826627
9633525301
9482602462
9031587184
4153784235
9632274427
9637049697
9638368343
9638676454
9628029434
9640420450
5264818004
9640410283
9628279594
8980727046
9640930214
9640988641
9641109690
7934167583
3793249568
9239751670
8582560102
9635941302
7013089629
9055886179
8232319594
9646716312
5085751222
5534169459
9649122785
4086874775
9649434674
7697216269
9650034635
9632975775
9609202648
9651928696
9641740117
8369479670
6020928829
9629116892
9653778479
9654365352
9604942572
9302282991
9540506020
9433655909
9659043181
9659517757
9588260400
9220163220
9660148920
9430008455
3917606910
9643249465
9659651367
9660703831
9619874974
7674756338
8924910257
9627261087
8582482248
9659391190
8483583109
9577274514
9665467436
9658956939
9661779115
9650062867
7326722451
9667383643
9128973216
4817222267
9668049394
4798796634
6125392628
9545419658
4397738881
9668968450
9662255104
9336328300
9670846076
8196611244
9667267096
7883715244
9117738019
9672423383
9626099760
9670929467
9528873925
9619657729
9675358810
9672856763
9681027581
9675781099
8040061956
9682362744
9681156329
9689444451
5596062226
7843864053
9673375988
9690986861
9685399352
9040025463
9681739648
9301033369
9677831597
8029229943
4907645600
5602292249
9387666015
9703256209
9658122480
9023271768
9701948616
9703541033
8273251989
4795357198
9705292233
9691688326
9706705137
9539894274
9700285194
9712077864
9706160795
9554361910
9719198547
9720477208
9720738157
9721794747
9271016765
9726043236
9004926941
5004793922
7698979501
9720725863
9724738676
9713801005
9729308828
9729325220
9691250569
9702146488
4288603899
9732459071
9734317472
9594875711
9064218901
9010567212
9351468651
9739904276
9741694414
9743540679
9101197544
9745357103
7071228668
9745392488
9737520992
9746399630
8869827626
9747353729
8521511451
7302334106
9749279795
9750689191
8120220151
9748437215
9727851320
9754867844
9666896833
2947538580
9752621629
9756027834
5843321361
9542598305
7151508944
9757909182
4970346400
9758455603
9758471100
9420917392
9189308292
8759405037
8398868457
9450215626
9527852922
9757728793
7060185717
8335538130
5553693319
9784479289
3751669606
9785753843
5291542738
8284576013
9176194577
9790238278
9791434997
9696445937
9628392572
9758358052
8942532076
7977826779
9793111293
9764114034
9793015223
9794547761
9794837887
9527792893
9798946298
9276301414
9288080690
9112569995
9801484415
9802549978
9803367851
9801705127
9618125128
9618151497
9802613155
9803841486
9153964761
9809293207
9798323889
7639766623
9782919549
9810637279
9632071350
7042179832
9055232508
9812365005
9665395819
9777881628
9720597734
8612280720
9815844002
9590446041
9811931132
4815899176
8317852159
9750728981
9779666546
9821114882
9797469843
4936934781
9182764461
5045529681
4411743951
9826180973
9828867663
9828866718
4697128277
9330013748
2840151941
7749652301
9375832739
5507205890
7416593450
9841210368
9359177647
7442124366
9803525671
9846903643
9851382211
9847327394
9844537157
9852799393
8820092203
9852964179
9828390196
9853866074
9433457867
9855298350
5593903628
9380331953
9245881412
5452127302
8694462575
9356177937
9862017832
9862025497
3826720539
9648920089
9862371078
8339778221
9864082724
4898054667
8783251378
9866005617
9867953038
9869427090
9275375471
9871259271
9866655563
9871484618
3707721639
9871805134
9280952825
9872267551
9774988697
9877619486
9877413796
9878402850
6028047095
9883630734
9884337741
9891589352
6079976571
9895010058
9896684113
8948807106
5694154421
9898036015
5780855890
9324412401
9322280022
9901438358
9773161197
7969072509
9902245168
9901301125
8341116394
9901178379
7326412188
4413131166
9903200225
9903268805
9903271414
8838310530
9903392260
9903601737
9577439797
8969116270
7145755714
9904673021
9651111931
9905435846
3575577176
4124824755
8673008376
9895166208
8480234039
9904127766
7159877041
9475173859
9911488841
9911747973
8016762944
9643036144
9912770963
9190048530
9913419221
8232291325
9913675964
9757915374
5582496997
3252636109
9919957728
8379176463
9091763435
5639144021
9926699721
8215255046
3725229101
7392968783
5677857606
9921940931
5394094754
9931954151
7510092474
7900689847
9921735806
5411169523
9938824893
7128291599
8926560174
3708337189
9947353230
9943808593
9947800336
1406652438
9949197163
9949501393
5827271206
9951000611
9952014959
9398520863
9948205665
7978514622
9948329054
4569671550
9964293158
9286677223
4956418689
8445526068
8900117602
9875776142
9976101416
3670383824
9401193110
8509335829
8753553313
9919057380
9769917581
9984510321
9985476450
9985987670
9974468843
9980388203
9895975003
9992417116
9903591294
9993471897
9993773068
8855255853
8589353661
9997314450
9997437022
9998342928
3951976346
9998772616
8347349511
9995763808
7881619587
5310829073
9987603151
10000050948
7358651789
10000906069
10001275735
10002716991
9863011026
10003488601
8993812438
9903530545
10008185054
3860340691
10008246586
10008402849
10008354538
10009446876
10008590736
10015878763
7743233003
10026415285
10027477095
9198603724
7484130269
10029716575
4520964057
8119283873
10000862007
10030957608
6066046389
10007282521
10038786007
8252694379
10039043439
9675019150
10040264871
10042275844
9454530061
4686345797
10043991747
3945534386
9583891672
7994830572
9321460448
10046523702
10046914134
10046818932
8810595387
8562572044
10049990456
10046825106
10050335178
9840967935
10051547441
9797408895
10050432576
9802795024
9121304486
10051880165
9264593705
10052161334
1658547043
10052638921
6203970640
9924995401
10054611174
9576675497
10059862103
10060314143
4071553735
6152261365
4955383168
3761856470
5525448795
8949272658
10066189760
9810260212
7545043770
8097075271
10068732292
10076189839
9875733866
4897589584
10080652712
9470493640
10083257114
9959902099
9267870212
10087638155
10057932597
10088766818
10087241541
10089135762
4817831438
10088933074
10088853370
10091290352
9341927137
10094852308
4079764992
10083449255
10094319080
8328299490
8497187726
10095948922
10088138459
7853243931
10006895713
10097164572
8300160785
9934234506
4363777867
10088439468
10086977525
5219785412
4271318563
10108219581
10108488759
7031821522
10114041189
10037355696
10040874293
8001138464
10117423731
10118029468
7347897717
4912108248
10122203233
5505627420
10123592626
10082923634
8490152973
10112989017
8026907865
5512111583
9180948705
10128272047
10123677177
4353006525
10130572870
8822819099
7055048223
10132082164
9925084473
10127626730
10108461320
10135194284
7078922268
9851725995
9681733588
10136603770
10123725475
10143503813
10144768013
5506276716
6174050545
4708740695
7374971673
5065846444
5833857141
10157920752
7894163496
10161071878
10162464829
10163813300
8290767656
10165161920
8182476368
10167944432
5577002255
10032372722
9171621603
10157101475
10171019505
10112707604
9312463787
10090815369
8766023769
10094374865
10172059058
10175205403
7737009517
4069064120
4392400283
10167717259
10176956433
10176815673
7168338947
10163236014
8101571256
10031970419
10171035044
7196583133
10179086031
10178708433
10171390634
9941488592
10065315729
10111445170
10183439988
10184931959
10184811855
10096962469
8187987318
10192388585
10176525927
9732927086
10196708703
10187454577
9760510670
10189990010
8298452994
10163473259
10218999054
10159329499
10131499236
10220141474
10144284423
5678909406
7530381509
10214919387
4524254109
3718626287
10224439168
10218989739
10226300519
10219298780
7226933856
9739938768
8051995683
10227606129
10226223786
9417699794
10232641991
10232523411
10231069272
9653699580
7310094323
10232195519
10233152348
9666010943
4564255522
7163772719
10234639452
10234857448
2638959075
10234689174
10208486470
10236116412
8968151985
8463458189
10234207099
4226700133
3471482467
10247531759
4443006230
10236012409
10129940845
8897241684
10142942884
10250290437
10250331943
4901293095
10009164713
10232678648
10253181747
9904110842
10241260000
10260508329
8399540264
10232194666
10262096255
5172136454
3998218040
10263381631
9073635015
9074933510
7645920188
10264402447
10248798050
10266946682
10267433909
4069434086
10240176211
10268603315
10268680163
10269214966
7877123104
10269199152
10269897491
7609801932
10269680322
7188385782
9081891346
10050526482
8308149732
10109002294
9351067831
8339445714
3551080354
10275001594
10276789845
10222279230
3132731696
4678687038
5311641648
9529026884
10289069587
10294052769
10294092018
8387076194
6148329104
4998745290
10299459742
10295169982
10083940931
10275771892
7848507497
10078195230
3569438876
4716617916
10310589154
7912273138
10309443366
10263793060
10277246004
10316898056
10317516116
10275117187
5492111281
10288711118
10317922857
10267008130
9651222636
10267329765
7371534420
7177595281
10322817818
10324524213
7777501286
10324967555
10319204859
9368951435
10320511558
3835264948
9876985614
10330480174
8019376107
10330947512
10317660833
10326591994
3531693387
10335779243
10325347947
9555626564
10335892764
10201060928
10340615680
10334993264
10171428250
8515035391
10341334804
5469403972
10342709071
10345793627
8260114542
10335636679
10346784916
5566979402
10324819490
10352953722
10357040085
8567369588
10123729320
10357313248
10358207321
10358169357
8735618783
10260780980
10359280210
4212706269
4919908619
10354213071
10362266049
10363490779
4813354986
10364752168
8181213936
10365159916
9025184942
7132479017
10365645717
10360538138
9429744363
4426015768
10368088391
10368168031
9654062822
10370493141
9356800846
3457724539
4635488985
10371549973
9048879697
9170534738
9902670150
10375803181
9926406877
5162197110
10277252683
5360712505
8266730586
5040934049
10387334175
10392180970
3143796927
10394620057
10396006255
3567685650
4869726090
8623123075
7950848129
10359725962
4122309946
4583955178
10176948443
8949236073
10174854218
8360601615
3735563441
10402557847
10403527181
10403975623
8394307749
10404261263
7021472327
10405159182
10405927247
10406140276
10268443632
7698493269
10397391211
3195966966
10408981212
10409323619
10410233906
10410426059
10410489373
10410700000
10409225034
3234162801
7482370419
7210394414
10415883102
9192494147
10419613452
10419961456
10416341056
10421097340
3720372250
5718458190
10422322007
9442994004
10424022832
10426640303
10430344900
9616630147
10430696586
10430981903
10429965046
9056444964
9482334712
10366584796
10436856226
9092159363
10441248739
10110329389
10442416100
10442752632
10442774318
10443647307
3758511299
10318603858
10446932743
3281250285
8874347759
10438136499
7825447865
5468191623
10452087074
5717118214
8058923569
3005258873
10454591283
10454763800
10456488782
10456867189
7107507250
7970211621
10330768009
10457990574
9361195504
9473528718
4527852902
10351437725
4537370524
5276710168
10462253115
9996426463
10466216343
7701071311
7807928452
5094470931
10467234934
10470601931
10471235199
7639610525
10471422596
7090604556
9342608296
10461082018
8380086331
10371445220
9190024930
10477477055
10472584711
9654040974
6012669461
10479874604
10480384518
10483141404
8262031023
10483975472
10485560078
10485687999
10488173187
10349684554
10488573658
9571949058
7585793890
9746357511
10488214686
10490070827
2900583424
10490233334
7838208976
10490695118
10493331011
10494105747
7207788098
9263232422
10496566012
8400519633
10497341917
8713301794
8068561327
7090393946
10496692421
10497838533
10501851018
4931178906
9662516860
10327832181
10501999322
10504133755
10504259420
10504773874
5396437225
10502184313
10506761067
10514873397
10515029578
4841616044
10516632376
9048345364
10515191660
4518437131
10523241318
10525213884
10527576781
9652311433
8259574384
10534662100
10534520358
10534717976
10535294057
10532721631
7141594881
10535851782
10537177875
6225068377
8774680797
10532614722
10552253439
10528494880
9800152526
9064543263
8666660708
7694516962
9667289450
4213665175
8880048717
10531369462
4895379820
10556511930
10561611184
7669354196
10565302615
10566340365
10554833219
10460162104
10569369150
10569698592
4325619689
7639917049
8529941975
10573416903
4833894359
9188765113
4937592120
9203776148
10574889219
10576229731
10576251027
8997854026
10502733990
10573937083
10574543696
8575680921
3797244901
10579423918
8292129683
5418650849
5730423123
10576256856
4000017041
10530947028
10587450503
10422258127
3847645732
10301756733
5170646278
10593473611
10594871981
10595330107
10578920668
10597064938
10381208921
10597624005
10597616393
10597049739
10597806327
7413421745
10470096657
10604071729
3986135574
10045216682
4158776886
4093707705
10169574365
10610349667
9189977426
10467758563
10599608152
10612859504
10183567887
10610685581
9367248487
10610470212
9347146656
9258739138
6004695277
9127715931
10628123102
10626311712
10625586952
10260517137
10632591059
9959190630
5144741779
10633284542
7994925733
7353029828
10284965748
7862717900
10556477544
8938123866
7420429226
10641416504
9991010496
10657883610
1644062502
10662854494
10586873579
10666809285
3691976579
8573932397
5075776631
10666951281
10672024109
8193231275
9532108043
10667108611
10674076587
10674779265
10684336574
10684986106
10684668813
10135187255
7151607177
10678745310
10687241981
10691459531
10697898331
9822019242
10698693314
10698705814
10698896315
10699155034
8332642679
10701660228
10169390743
10701765482
10702360848
10702378837
8226898888
7488116167
3725856447
10289925037
9521704644
10707505465
9640748438
10690091289
10708461537
10708508524
10708226551
10692514630
3305292324
9222022080
10708815698
10720582897
10717802579
8807863184
10720990619
10709244186
8478083958
10580349846
4881192615
7694769708
10723919440
5287125653
10737433999
9181682302
9847992114
10703274396
9915505742
10708829046
10486627225
10737886825
10738609369
8617633623
10675420447
10725232498
8988308336
5828056834
5437791728
10755108880
10346413334
8160414247
10745517775
3518321427
10758540160
9127739263
10768067847
7236521057
10770923044
10766748739
10733118226
10507053702
7939610878
10773063525
10773342773
10776037627
10763923218
10744640190
10779523746
8676362516
10780542118
4069798892
10753493879
10778932677
10702539471
10764506373
8231622584
10784709364
10780311167
10785751175
10776055130
3988510436
10792417404
10796941680
10788776475
3949326531
9966165464
10784391836
10796255843
7978011173
10801438328
9293306936
10803674356
10805030819
10585287401
10759119128
10804150245
10588746435
8084712177
10806735667
10352144678
10733850741
10807106693
10809875458
9484676891
10809974100
10708496096
10494628143
10810987616
4889986374
10485547536
10812516013
4039831841
10812489266
10317914719
10232298630
9584309152
10813711334
10816418571
6121289378
3512402877
4540664109
10822115773
9418978995
10494310622
10824341151
10824616162
10825118899
4713360094
8875279518
7590427898
3818019266
8316751562
7011382058
9136031341
7270976664
8773402868
3675655736
8108813497
10399626906
1961097898
1935663634
7409794653
10702709717
8975511508
10842227201
1703777843
9377837181
9725845663
10846905588
8009390531
4396721403
10850918479
10840675460
4933910355
10734652727
4870221894
10849258056
4296630616
5777423882
10832694476
7412681262
10865569646
10865650883
8761087496
7506442759
10863406475
10871377743
10872717416
10836229547
10871978563
10872354355
8619749593
4915295706
10604783372
10880679487
10880668626
4870081827
3681532481
10883873016
10877304778
10884245683
10884538999
10404132240
10887583310
10842389216
10887158441
10430584170
7622241405
10891714360
7966095729
8430873068
10892878189
10893031865
10893043765
10883850889
10695814916
10172066939
9418270116
10639620960
10898556444
10900963726
8410149123
8883475003
10797371131
10780626987
10902682010
10906547488
10893298973
7736732917
10902063943
7883370536
10907358034
6207624009
7694527162
8015195844
10271992306
10910403677
7020863616
10911016290
10879701156
10266526122
7591287905
10467754140
10529567175
10840084290
10918842208
3720617237
10818842764
10930426988
10931017260
10931249760
8309039319
10755407075
7102664284
3973809526
4961968596
10947756722
10908359592
10910659646
10956315552
9298790351
10959197065
10960316570
10960581647
10962907341
10959432758
10961379697
9198280475
10965121340
10964909859
7369110615
6069918650
10967292197
10964194419
5478681863
10685210219
8369992021
10858650910
10977759315
10978202420
8861199075
10981345514
10981701068
4306705863
10984297460
8504349015
10988452610
10988610926
8948879619
10992139855
9003137633
5563518613
10810872142
8453432324
10997811882
5573810099
10988752443
11003699803
10358182294
9955569537
10973138450
11014221095
10976969835
11022289562
11028448249
11029970241
11031651342
11030469326
11033474932
11027713831
11033904546
11033578589
11035050270
11035745199
11036110947
10472411682
670050940
22547231
8004036986
4577131722
7409761741
4015983991
11058040869
4877832696
8970786314
11063710576
11019572417
8859759490
11067447000
7670601513
7888631633
11063402577
11068862315
11070626967
11070601073
11065657363
11074679639
11068799896
10788362185
4783566154
11078082185
11079843224
11063520139
8815930013
7664281532
11082954103
11083447345
11085102989
4478124686
11084700963
11068949145
7665488375
11095822094
10932320969
11099039935
11100953504
8989126313
11102043170
10818162072
11096063222
11103068933
9672597235
6000931037
9217870587
10964207947
11100013258
11108023346
11109477433
7429229218
8781717840
11112719150
4367326503
7957566576
11119396571
11122224170
2689096416
11125155778
11128364203
10312651507
11132305457
7539627417
11133984940
4852018301
10169500161
9611080501
10614233852
10974507540
7961653051
11139248894
3244343241
11127659773
11143268192
11143752562
11145164577
9005217983
11146801556
10553253755
11098159147
9174955809
5492139095
4915695455
11153899946
11126213675
11097467237
11162074580
8039481628
11144785122
9598832449
4338466896
8611167030
11166600880
11176043054
5730558000
11124479094
7978759089
10459624819
10914069289
10943497607
11181615028
11144424375
11184832136
4338028415
11187849178
8267074310
8224840438
10283365531
10861535280
11185870377
11193804479
9049369277
4885108306
7195264905
10959355455
7864144878
11188657877
10736539016
3658279835
8490317649
11195641641
11207185546
11207674129
10738478549
7479382110
11208957331
11215181447
11209210249
11218521652
11216413038
11220023585
11220227859
10570722323
11220992424
9471336272
4668699239
7590657275
11221648888
11063323059
11226461723
11226478190
10841598904
10789933638
11229199569
11228417144
8114777065
11232028151
8888606020
11226592472
7955345214
4932882334
11129568973
4141226579
8371480337
11239288979
7146734444
9947376016
11158437618
11239685081
11239661984
7085048438
11232237826
11240479497
11241744162
10681224549
5016333415
9189478246
7574649564
11215717891
2993564672
10831655902
11163903450
11246058792
7982520492
8076267261
3719085483
7903143460
11250369182
11250156243
11251050641
3683009629
11064281348
11249687756
11255463145
11257151877
11258658112
8777601842
7409207290
4571370283
10085670670
11261059622
11062181740
7433313838
11195203956
7932142567
9240493441
8529296541
5130683656
11259931999
10959031246
8261226485
9559364149
11271293932
10591192196
3784226548
3770367931
11262359920
11275841345
3671150684
9276151396
11278739859
11280079315
11280968493
11278776580
11277908036
11070209517
11284748900
9335575283
7227806903
11286196813
3369874574
11287498268
7180061590
2934012718
11294875932
8322627759
9525369586
11295543930
11266200351
4161484384
7046000124
11234178060
7117070266
7421209981
3511760499
10385519355
10485575183
2824653796
11275018701
4997589609
7915064617
11303642709
3734590168
5452383578
9082522850
11303343475
11213608343
11306330936
11305964101
11306941180
9031008433
11306378069
11144671800
4952067280
4203101462
6134158000
11308838980
7639468095
10243981747
5360203664
11297812011
3534767169
11250357737
4893996774
11312638412
11317854357
8159237584
8934966833
11318503982
11318554304
9565818165
11319025176
11319417098
11235300225
10178628052
8825364188
11324405113
10391134842
6016641167
9324007489
10122401280
3765280346
11329129247
11329269710
11329484692
11320675713
8219436928
9972179291
7337853407
3239153714
8410503538
10477334939
11335743160
11335943388
11336400311
11334133849
11323377275
11336732222
11318325388
11243643487
7913936433
3776224119
11300671267
11329944604
10611003356
10994181908
11341465229
11336854199
7907234903
5335009649
4297024906
4846510459
11344386168
11344376537
11344994101
11346953276
7914331014
11348641498
9210572243
11350836553
11353766977
11354491735
7478055788
9577416429
8578503665
11356577249
11357989043
11336698935
3239478879
11359527270
11082452144
8941113098
11363267689
11363289153
11363499567
11363062742
10383063945
11341785592
11358390812
11368519431
7591696889
11368570880
9381284632
7305838895
11369877481
11369959327
10484729873
11202447688
11372117444
6193699890
8004103666
7944997237
11369663962
11014464400
9416694304
8012954493
11375861374
7213680905
4958349481
11376401888
11376324558
8323415173
11140883834
11376533925
8114773223
11320860286
7392892940
11377165665
9960413337
10263424138
10279961060
4019668414
11375539519
11357299417
5477366115
2732753699
11379471312
3719346421
11033442092
4461097742
5551611128
11355852821
11381928042
11381929977
11381994799
11380739964
11356555962
11382366903
11383293499
11383688033
8339642423
11380148451
11385722295
7295028665
7448459810
11265429215
7524169560
11332193476
11384912025
11389332420
11040739200
11326620148
2826383849
4151018759
8563138509
5485602981
11390473791
7868608689
7759237321
11365339645
11394300137
9938194622
11389868436
11394799612
11394576748
11381463707
11389341344
11395331032
11347887252
4209419111
11396661624
11397054583
9180506435
9005267272
11398946362
10102516032
11356663698
11400446885
11400532309
11285107170
11400614971
11318192597
5493256995
11117011435
11402427030
11123117842
11249298351
11393483386
3706885087
7166600109
10137334638
11406948633
11394865394
11407320445
11404448001
11401218858
11408435786
6131628931
11409237291
11185762876
4762047596
9277021917
10987231912
11323778590
11409827999
11409742619
4086883198
7546447791
4962439418
5570793572
11410784417
11324046132
11409387596
11414062604
11414739879
11415249600
11415175005
11415589984
8291642509
11273369016
5567015772
11416099913
9958689177
7275549052
11416335203
11416353857
11416379706
10353018351
4079151514
3145998871
11392511409
10397370632
11228754333
3812312186
11420214971
11420032123
11421095761
8503626471
7941088563
11418770485
11299550589
11073876830
9325792382
11422474271
3196504184
11422365048
11426690835
11426868305
11075494748
5107701070
11409444376
10059656888
11403711585
11429950060
11432380424
11433079622
11433266505
11414986582
11302575543
11429317771
4914837846
7742263125
5860203783
11435070167
8086906978
11437845954
11280794262
11334396663
11443483562
3071246291
5569464617
11428387288
11445822104
11445956051
7050233325
11445082849
11447246855
11445838751
5726160966
3857879068
9892678846
9666754374
8666385166
11418021839
11445218480
10042673816
11040147846
7645401162
11175882555
2383191105
9904295778
11458850415
11414609500
11459808479
11375786349
11279511048
11461321575
11454457133
11461788666
11434822346
10779804403
11465319305
11467416754
11468068935
11469620462
9168050082
8881975896
11472355131
11315114204
10594083197
10356265963
4291232069
11403011142
11469704700
9969024979
11478571245
11068755695
4898202363
11480413676
11480883001
10403977461
7347445844
9604613825
7640568039
11475529656
9943051046
7669063331
11351182453
10116583853
4039292809
11488403117
10988603498
4242656209
11381450070
11427174726
11490109111
11490807665
11488786837
9658086855
8153131440
8021380240
7511245013
9551902933
11403697999
4793047038
11499159335
11490546629
7190579026
8780352609
11362352315
11488063558
7352355947
7274975636
11463180441
11503702411
10453835762
3581072897
11500121382
8290998339
11488229232
11502264366
11454714740
8277260119
8959256433
9048687408
9231576537
4124515149
9080456889
11482359584
11517070578
11508987515
11520633534
7526012726
9191480597
11404891598
11523946506
4567525331
7189241839
11434988589
11239036088
7844020979
7172640767
5795790372
11525363779
11422129665
11328242238
8734931005
11525458885
4082164618
11527177826
11466905670
11506628838
11266496296
11406489716
10966439351
5509335891
8257626087
11531014163
9667741807
9101442291
9427566469
11292227020
5848630672
11518724812
4505269250
11525294345
11536040180
11530746045
3506898772
11535965199
11536866449
11537115133
5296139348
11539828419
11474546156
11445600114
11536165780
7961757567
11540990295
10267620388
11530024521
11521967464
9562819237
10778216874
11543051982
3811538587
11546679263
7521676339
11391525859
11529061242
3516094157
11227562822
11329995152
4635291583
10887149366
11550493846
11456761917
8727879574
10168297881
11553193255
11445115915
4405865477
11555052537
11556714039
11403633186
8736840421
11556638297
9322530891
8485590479
4609683845
4110365085
11548447255
5201014794
7416047896
7572584808
8657300591
11563858834
11565955272
11566231284
11565920295
10563893720
8768827309
11566988668
9532976563
8923893428
4542411396
4749590399
11571467967
8143168666
10463224436
9747359147
4196744490
8355805308
11535485381
11574238968
10371299840
4168099162
11573258778
10569123450
11371635842
11575957270
10424121927
11108142352
11577712791
5782315585
4105821115
8393382236
9355571619
11580185600
11577873261
3564419386
11548309197
5428165665
9037043078
11495727167
4633402187
7619358356
11583594355
5662216772
7423475149
11576790002
4768452704
11573417764
3877546988
11572402990
5361904149
11490517440
11585944822
9236511212
11563270886
8521603512
11592151150
11590298958
2833328823
7444265114
11291191215
9327867609
5747770652
7424615031
10762202784
4838080232
11582681469
11600785784
5335110741
3757131479
4646708777
11601411595
11586355084
11605722478
11607305859
11604878298
11605850769
11293054812
11482465380
10573712296
5083534955
9935745869
11622179641
11475444482
8260324702
8940792909
7263828710
11619209080
3477039612
4221569137
11637462062
11638631969
11638661603
11639909517
11640453951
11640667969
8126667757
11645762244
10892489654
4989709648
11650084169
2903700267
11565416763
11656199083
8957644763
11657458432
2912331069
11319426133
11652579517
5569702306
7376022366
11663616126
11566672428
4088247351
4271120260
8416216606
4077202808
9103870800
10325383385
11688804039
11689129456
11689158128
11689159698
10912957897
11596293887
11671662676
11594405563
11695801253
6187638039
4735414746
11701464706
11704271570
8531509585
11689878948
11705771393
11712136297
11274481485
